,county_x,state_name,lat,lng,population,county_state,density
0,Los Angeles,California,34.3219,-118.2247,9848406,Los Angeles_CA,2425.196078672797
1,Cook,Illinois,41.8401,-87.8168,5185812,Cook_IL,5483.685813382963
2,Harris,Texas,29.8578,-95.3938,4758579,Harris_TX,2752.485206758328
3,Maricopa,Arizona,33.349,-112.4915,4491987,Maricopa_AZ,488.0928683036442
4,San Diego,California,33.0343,-116.735,3282782,San Diego_CA,781.6352333037294
5,Orange,California,33.7031,-117.7609,3164063,Orange_CA,4008.187230808209
6,Miami-Dade,Florida,25.615,-80.5624,2685296,Miami-Dade_FL,1379.8629024798825
7,Kings,New York,40.6413,-73.9383,2646306,Kings_NY,37477.77935136666
8,Dallas,Texas,32.7666,-96.7778,2603816,Dallas_TX,2960.2273760800363
9,Riverside,California,33.7436,-115.9938,2449909,Riverside_CA,339.9171958703383
10,Queens,New York,40.7035,-73.8196,2330124,Queens_NY,21330.318564628342
11,Clark,Nevada,36.2152,-115.0135,2293764,Clark_NV,289.970342614856
12,King,Washington,47.4902,-121.8052,2262713,King_WA,1064.2852439276778
13,San Bernardino,California,34.8414,-116.1785,2187816,San Bernardino_CA,109.10440094751277
14,Tarrant,Texas,32.7719,-97.2911,2135743,Tarrant_TX,2473.5852771536447
15,Bexar,Texas,29.4489,-98.52,2037344,Bexar_TX,1634.032177860477
16,Broward,Florida,26.1523,-80.4871,1946127,Broward_FL,1614.5072175211546
17,Santa Clara,California,37.2318,-121.6951,1903297,Santa Clara_CA,1474.6352726061255
18,Wayne,Michigan,42.2822,-83.283,1773767,Wayne_MI,2888.165757551087
19,Alameda,California,37.6469,-121.8887,1651949,Alameda_CA,2239.7182640291767
20,New York,New York,40.7792,-73.9668,1627788,New York_NY,70896.68989547038
21,Middlesex,Massachusetts,42.4856,-71.3918,1622896,Middlesex_MA,1970.825541009885
22,Sacramento,California,38.4493,-121.3443,1584047,Sacramento_CA,1640.3945528918346
23,Philadelphia,Pennsylvania,40.0077,-75.1339,1582432,Philadelphia_PA,11713.909245688059
24,Suffolk,New York,40.8681,-72.8456,1525680,Suffolk_NY,1672.5279543959657
25,Palm Beach,Florida,26.6476,-80.4655,1507453,Palm Beach_FL,763.6114502231386
26,Hillsborough,Florida,27.9292,-82.3088,1489634,Hillsborough_FL,1417.4705731223414
27,Orange,Florida,28.5144,-81.3235,1440471,Orange_FL,1587.3833269050635
28,Bronx,New York,40.8501,-73.8672,1419250,Bronx_NY,33767.546990245064
29,Nassau,New York,40.7326,-73.5862,1388138,Nassau_NY,4841.947748439081
30,Franklin,Ohio,39.9695,-83.0093,1321635,Franklin_OH,2448.061570378054
31,Travis,Texas,30.3344,-97.782,1307625,Travis_TX,1321.767916708784
32,Oakland,Michigan,42.6604,-83.3858,1272294,Oakland_MI,1458.199906018269
33,Hennepin,Minnesota,45.0046,-93.477,1268903,Hennepin_MN,2279.6575760842225
34,Cuyahoga,Ohio,41.4243,-81.6586,1249418,Cuyahoga_OH,2725.0714301293374
35,Allegheny,Pennsylvania,40.4688,-79.9813,1240476,Allegheny_PA,1698.8865606639552
36,Salt Lake,Utah,40.6673,-111.9236,1184689,Salt Lake_UT,1606.6193821367544
37,Contra Costa,California,37.9192,-121.9275,1161458,Contra Costa_CA,1613.2481422320993
38,Wake,North Carolina,35.7903,-78.6503,1151009,Wake_NC,1383.5573132031927
39,Fairfax,Virginia,38.8368,-77.277,1144474,Fairfax_VA,2897.1091535034425
40,Fairfax,Virginia,38.8368,-77.277,1144474,Fairfax_VA,181374.6434231379
41,Mecklenburg,North Carolina,35.2467,-80.8328,1130906,Mecklenburg_NC,2148.8675229915634
42,Collin,Texas,33.188,-96.5724,1116601,Collin_TX,1317.4300344518383
43,Fulton,Georgia,33.7902,-84.467,1068507,Fulton_GA,2021.1610486891386
44,Montgomery,Maryland,39.1363,-77.2042,1057586,Montgomery_MD,2134.295285760413
45,Pima,Arizona,32.0974,-111.7899,1049947,Pima_AZ,114.29524714601247
46,Fresno,California,36.7582,-119.6493,1012152,Fresno_CA,169.7464081050123
47,Duval,Florida,30.3313,-81.6715,1007189,Duval_FL,1301.8328227797383
48,Honolulu,Hawaii,21.4899,-158.0739,1003666,Honolulu_HI,1673.4181436217218
49,Westchester,New York,41.1626,-73.7561,996888,Westchester_NY,2303.2392218474192
50,St. Louis,Missouri,38.6407,-90.4434,996618,St. Louis_MO,1962.5804927039642
51,Marion,Indiana,39.7817,-86.1385,971822,Marion_IN,2452.547634069401
52,Gwinnett,Georgia,33.9619,-84.0236,966972,Gwinnett_GA,2234.585076144478
53,Pinellas,Florida,27.9198,-82.7255,960565,Pinellas_FL,3431.569734209774
54,Prince George's,Maryland,38.8295,-76.8473,955584,Prince George's_MD,1968.5309931401025
55,Bergen,New Jersey,40.9597,-74.0742,954717,Bergen_NJ,4077.025238074903
56,Erie,New York,42.7639,-78.7323,950044,Erie_NY,909.8208214822689
57,Denton,Texas,33.2055,-97.1168,945644,Denton_TX,1064.2672248857677
58,Milwaukee,Wisconsin,43.0072,-87.9669,927656,Milwaukee_WI,3840.2715681404206
59,DuPage,Illinois,41.852,-88.0856,927263,DuPage_IL,2779.48202991517
60,Pierce,Washington,47.0239,-122.104,924106,Pierce_WA,550.4202131144611
61,Shelby,Tennessee,35.1843,-89.8938,922195,Shelby_TN,1222.2111778193048
62,Kern,California,35.3426,-118.7301,910433,Kern_CA,111.83361667420058
63,Hidalgo,Texas,26.3969,-98.1812,880921,Hidalgo_TX,561.1855390985826
64,Macomb,Michigan,42.6957,-82.9323,877624,Macomb_MI,1826.7088502206311
65,El Paso,Texas,31.7686,-106.2348,866275,El Paso_TX,855.0650965837865
66,Worcester,Massachusetts,42.3514,-71.9077,861664,Worcester_MA,569.4843562053059
67,Middlesex,New Jersey,40.4392,-74.4117,861535,Middlesex_NJ,2781.657626243058
68,Montgomery,Pennsylvania,40.2108,-75.3673,861225,Montgomery_PA,1782.6316443119722
69,Fort Bend,Texas,29.5275,-95.7709,859721,Fort Bend_TX,982.9426964236715
70,Essex,New Jersey,40.788,-74.2481,854130,Essex_NJ,6764.314564029461
71,Baltimore,Maryland,39.4629,-76.6395,849586,Baltimore_MD,1419.3120499841293
72,Ventura,California,34.4561,-119.0836,838259,Ventura_CA,454.26705684712516
73,San Francisco,California,37.7556,-122.445,836321,San Francisco_CA,17912.208181623475
74,Snohomish,Washington,48.0474,-121.6972,834648,Snohomish_WA,399.5328042277388
75,Hamilton,Ohio,39.1955,-84.5428,827878,Hamilton_OH,2032.300667714061
76,Essex,Massachusetts,42.6732,-70.9524,807258,Essex_MA,1612.3554437054347
77,Multnomah,Oregon,45.5468,-122.4149,803863,Multnomah_OR,1846.9843531006593
78,Oklahoma,Oklahoma,35.5515,-97.4072,800487,Oklahoma_OK,1128.8933703761159
79,Lee,Florida,26.578,-81.8332,792692,Lee_FL,986.3892587384742
80,San Joaquin,California,37.9348,-121.2714,787416,San Joaquin_CA,562.729403693328
81,Suffolk,Massachusetts,42.3329,-71.0735,782172,Suffolk_MA,13365.892002734106
82,Jefferson,Kentucky,38.1872,-85.6591,777392,Jefferson_KY,2018.7280895375109
83,Cobb,Georgia,33.9416,-84.5767,769152,Cobb_GA,2261.214170219021
84,DeKalb,Georgia,33.7716,-84.2264,762105,DeKalb_GA,2841.4488646955747
85,Polk,Florida,27.9489,-81.6976,760961,Polk_FL,405.9801107566235
86,Monroe,New York,43.1464,-77.6961,754068,Monroe_NY,1143.7576787149812
87,San Mateo,California,37.4228,-122.3291,745100,San Mateo_CA,1659.2068051751398
88,El Paso,Colorado,38.8321,-104.5254,736008,El Paso_CO,346.1205295210327
89,Norfolk,Massachusetts,42.1603,-71.2118,724540,Norfolk_MA,1813.2539166124432
90,Jackson,Missouri,39.0085,-94.3461,717021,Jackson_MO,1185.472190992659
91,Denver,Colorado,39.762,-104.8758,713734,Denver_CO,4654.281056406912
92,Lake,Illinois,42.3233,-88.0037,711885,Lake_IL,1590.5912056484046
93,Hudson,New Jersey,40.7408,-74.0751,710478,Hudson_NJ,15216.920111372885
94,Davidson,Tennessee,36.1695,-86.7848,709846,Davidson_TN,1413.3038665233146
95,Will,Illinois,41.445,-87.9786,698450,Will_IL,834.5281621143689
96,Utah,Utah,40.1199,-111.6702,683622,Utah_UT,342.0966507033373
97,Bernalillo,New Mexico,35.0514,-106.6702,674357,Bernalillo_NM,578.3358918724218
98,Tulsa,Oklahoma,36.1211,-95.9415,673708,Tulsa_OK,1181.32211116956
99,Jefferson,Alabama,33.5543,-86.8964,669744,Jefferson_AL,601.9575592525683
100,Providence,Rhode Island,41.8721,-71.58,658977,Providence_RI,1594.543518764972
101,Kent,Michigan,43.0322,-85.5493,658844,Kent_MI,769.52474391768
102,Arapahoe,Colorado,39.6498,-104.3393,655709,Arapahoe_CO,816.4317553602112
103,Montgomery,Texas,30.3002,-95.503,654722,Montgomery_TX,627.1103320785801
104,Ocean,New Jersey,39.8856,-74.2814,646434,Ocean_NJ,1015.9583831017792
105,Bucks,Pennsylvania,40.337,-75.1069,645993,Bucks_PA,1063.5730514669565
106,Williamson,Texas,30.6475,-97.6004,643889,Williamson_TX,573.4825476277421
107,Monmouth,New Jersey,40.26,-74.2216,643615,Monmouth_NJ,1363.7644615840998
108,Brevard,Florida,28.2937,-80.7323,620533,Brevard_FL,609.4471562282089
109,Johnson,Kansas,38.8838,-94.8223,614764,Johnson_KS,1289.4081127564077
110,Washington,Oregon,45.5601,-123.0984,600266,Washington_OR,829.3830742659758
111,Anne Arundel,Maryland,39.0065,-76.6051,590936,Anne Arundel_MD,1420.7241429052267
112,Pasco,Florida,28.3092,-82.392,588758,Pasco_FL,790.4383432905954
113,Douglas,Nebraska,41.2953,-96.1543,585461,Douglas_NE,1768.871230890084
114,Jefferson,Colorado,39.5864,-105.2505,579715,Jefferson_CO,750.8386328018754
115,Bristol,Massachusetts,41.7972,-71.1145,578436,Bristol_MA,1040.3525179856115
116,Baltimore,Maryland,39.3051,-76.6144,577193,Baltimore_MD,964.2543310112096
117,Delaware,Pennsylvania,39.9167,-75.3991,576195,Delaware_PA,3127.924651213289
118,New Castle,Delaware,39.5768,-75.6527,573030,New Castle_DE,1344.2888310225915
119,Union,New Jersey,40.6601,-74.31,572549,Union_NJ,5543.121308936005
120,Volusia,Florida,29.0584,-81.1819,568229,Volusia_FL,515.0500793111262
121,Dane,Wisconsin,43.0673,-89.4181,564777,Dane_WI,469.9073958515338
122,Lancaster,Pennsylvania,40.0424,-76.2477,555151,Lancaster_PA,584.9482645986556
123,Stanislaus,California,37.5591,-120.9977,552250,Stanislaus_CA,369.69721312902084
124,Ramsey,Minnesota,45.0171,-93.0996,544438,Ramsey_MN,3494.9159070484016
125,Spokane,Washington,47.6207,-117.404,544323,Spokane_WA,308.63611621419335
126,Guilford,North Carolina,36.0795,-79.7889,542987,Guilford_NC,836.1106833790152
127,Chester,Pennsylvania,39.9731,-75.7484,540896,Chester_PA,715.4992922999589
128,Summit,Ohio,41.126,-81.5322,538087,Summit_OH,1303.7579957356077
129,Greenville,South Carolina,34.8941,-82.3706,537575,Greenville_SC,680.4057816929931
130,Montgomery,Ohio,39.7547,-84.2907,535528,Montgomery_OH,1159.9549471495409
131,Plymouth,Massachusetts,41.9511,-70.8115,531889,Plymouth_MA,804.855867443444
132,Sedgwick,Kansas,37.6848,-97.461,524810,Sedgwick_KS,525.1355840621185
133,Adams,Colorado,39.8736,-104.3379,524408,Adams_CO,439.9654342117406
134,Camden,New Jersey,39.8035,-74.9597,524042,Camden_NJ,2357.3639226270802
135,Passaic,New Jersey,41.0344,-74.3009,518289,Passaic_NJ,2797.1773975929623
136,Kane,Illinois,41.9388,-88.4286,516097,Kane_IL,991.6551379601874
137,Clark,Washington,45.7792,-122.4825,510516,Clark_WA,812.6388844672248
138,Morris,New Jersey,40.862,-74.5445,510375,Morris_NJ,1088.2428196763258
139,Ada,Idaho,43.4511,-116.2412,508052,Ada_ID,481.57044142598505
140,Lake,Indiana,41.4167,-87.3821,498990,Lake_IN,1004.0444283472171
141,Polk,Iowa,41.6854,-93.5734,497441,Polk_IA,873.6998331430578
142,Richmond,New York,40.5808,-74.1531,492734,Richmond_NY,8425.683994528044
143,Washoe,Nevada,40.6655,-119.6643,491770,Washoe_NV,77.53848385514965
144,Knox,Tennessee,35.9932,-83.9371,487401,Knox_TN,958.5827793730087
145,Sonoma,California,38.529,-122.8882,485642,Sonoma_CA,308.1719420260426
146,Prince William,Virginia,38.7029,-77.4809,484625,Prince William_VA,1434.735626739298
147,Tulare,California,36.2202,-118.8005,475774,Tulare_CA,98.62706443033434
148,Seminole,Florida,28.717,-81.2363,474912,Seminole_FL,1540.9214795587282
149,Onondaga,New York,43.0058,-76.1946,471611,Onondaga_NY,604.4047725845519
150,Burlington,New Jersey,39.8777,-74.6681,464226,Burlington_NJ,576.9864648197173
151,Hampden,Massachusetts,42.1351,-72.6316,462853,Hampden_MA,748.4686287192756
152,York,Pennsylvania,39.92,-76.7265,459312,York_PA,507.83570125490627
153,Virginia Beach,Virginia,36.7335,-76.0435,457066,Virginia Beach_VA,1840.8554512868018
154,East Baton Rouge,Louisiana,30.5383,-91.0956,452821,East Baton Rouge_LA,994.271347956876
155,Solano,California,38.27,-121.9328,450824,Solano_CA,543.6920368070043
156,Pinal,Arizona,32.9044,-111.3448,449219,Pinal_AZ,83.65983250117793
157,Sarasota,Florida,27.1845,-82.3315,449011,Sarasota_FL,785.6023095092294
158,Santa Barbara,California,34.6729,-120.0169,443975,Santa Barbara_CA,162.21168355248975
159,Dakota,Minnesota,44.6719,-93.0654,442204,Dakota_MN,776.3685522665824
160,Monterey,California,36.2171,-121.2388,435834,Monterey_CA,131.19824199641778
161,Jefferson,Louisiana,29.7882,-90.1276,432484,Jefferson_LA,1410.948714602636
162,Berks,Pennsylvania,40.4163,-75.926,429989,Berks_PA,500.63920454545456
163,Lucas,Ohio,41.6197,-83.6589,428748,Lucas_OH,1259.3197438759325
164,Loudoun,Virginia,39.0907,-77.6357,427082,Loudoun_VA,821.5485236125805
165,Hillsborough,New Hampshire,42.9153,-71.7161,424732,Hillsborough_NH,484.654708110822
166,Cameron,Texas,26.1332,-97.5186,423192,Cameron_TX,467.2231054583996
167,Clackamas,Oregon,45.188,-122.2208,422308,Clackamas_OR,226.05437406659993
168,Richland,South Carolina,34.0218,-80.9031,418725,Richland_SC,553.568831718248
169,Manatee,Florida,27.4719,-82.3153,416020,Manatee_FL,561.4077702657113
170,Charleston,South Carolina,32.8348,-79.953,414711,Charleston_SC,451.5040663683574
171,Mobile,Alabama,30.7877,-88.2058,413162,Mobile_AL,335.0623231069914
172,Placer,California,39.0634,-120.7177,412435,Placer_CA,293.6797282767362
173,St. Charles,Missouri,38.782,-90.6749,409830,St. Charles_MO,731.290817601085
174,Waukesha,Wisconsin,43.0182,-88.3045,409040,Waukesha_WI,736.2396054573599
175,Osceola,Florida,28.0626,-81.1495,406943,Osceola_FL,307.84703835388456
176,Genesee,Michigan,43.0217,-83.7067,404087,Genesee_MI,631.7412919767369
177,Orange,New York,41.4022,-74.3056,403840,Orange_NY,494.69583751868095
178,Pulaski,Arkansas,34.77,-92.312,398949,Pulaski_AR,517.564411924963
179,Lake,Florida,28.7615,-81.7113,398696,Lake_FL,418.2930283795835
180,Madison,Alabama,34.7631,-86.5502,397135,Madison_AL,493.3844357203201
181,Butler,Ohio,39.4386,-84.5756,389910,Butler_OH,834.4426134782888
182,Allen,Indiana,41.0909,-85.0665,388791,Allen_IN,591.5420311905667
183,Marion,Florida,29.2102,-82.0567,387697,Marion_FL,245.55502071114603
184,Collier,Florida,26.1108,-81.3474,387681,Collier_FL,191.41526854750313
185,Forsyth,North Carolina,36.1306,-80.2563,386740,Forsyth_NC,944.189453125
186,Mercer,New Jersey,40.2834,-74.7018,383286,Mercer_NJ,1696.4812109945558
187,Lane,Oregon,43.9387,-122.8479,382628,Lane_OR,84.02020202020202
188,Brazoria,Texas,29.1898,-95.4521,381650,Brazoria_TX,275.2813040969417
189,Bell,Texas,31.0373,-97.4788,379811,Bell_TX,358.40693768165175
190,Orleans,Louisiana,30.0687,-89.9289,376035,Orleans_LA,2082.6041205139563
191,Lehigh,Pennsylvania,40.6127,-75.5923,375408,Lehigh_PA,1082.9285178561126
192,Stark,Ohio,40.8139,-81.3656,373764,Stark_OH,648.7381539209221
193,Chesterfield,Virginia,37.3785,-77.587,371610,Chesterfield_VA,872.8361714621257
194,Hamilton,Tennessee,35.1808,-85.1648,370913,Hamilton_TN,683.7862252046309
195,Horry,South Carolina,33.9216,-78.9969,368937,Horry_SC,325.43310281560935
196,Washtenaw,Michigan,42.2532,-83.8388,368394,Washtenaw_MI,518.9086401667746
197,Douglas,Colorado,39.3298,-104.9293,368283,Douglas_CO,438.37473664163025
198,Anoka,Minnesota,45.2733,-93.2465,367095,Anoka_MN,866.58719104837
199,Davis,Utah,40.99,-112.1115,366742,Davis_UT,1204.4863373620599
200,Larimer,Colorado,40.6664,-105.4611,363561,Larimer_CO,139.76127320954907
201,Hamilton,Indiana,40.0725,-86.052,357176,Hamilton_IN,897.5624465999899
202,Galveston,Texas,29.3944,-94.9642,354721,Galveston_TX,890.2075438552463
203,Westmoreland,Pennsylvania,40.3109,-79.4668,353345,Westmoreland_PA,344.5654717790693
204,Nueces,Texas,27.7254,-97.6134,352829,Nueces_TX,422.13514871623073
205,Rutherford,Tennessee,35.8427,-86.4167,351591,Rutherford_TN,568.0809810796401
206,Marion,Oregon,44.9033,-122.5846,346532,Marion_OR,292.6914143333756
207,St. Lucie,Florida,27.3773,-80.4721,346237,St. Lucie_FL,604.8336099222639
208,Somerset,New Jersey,40.5635,-74.6164,346203,Somerset_NJ,1136.246676950343
209,Weld,Colorado,40.5548,-104.3925,340711,Weld_CO,85.33882703603051
210,Rockland,New York,41.1525,-74.0242,338936,Rockland_NY,1945.44828377913
211,Spartanburg,South Carolina,34.9309,-81.9908,338096,Spartanburg_SC,416.92377887117266
212,Cumberland,North Carolina,35.0487,-78.8277,336749,Cumberland_NC,515.9164726069371
213,Henrico,Virginia,37.538,-77.4059,334434,Henrico_VA,1404.830714945812
214,Howard,Maryland,39.2507,-76.9312,333916,Howard_MD,1324.8531979050945
215,Durham,North Carolina,36.036,-78.8766,329405,Durham_NC,1134.6273077982917
216,Boulder,Colorado,40.0925,-105.3577,328317,Boulder_CO,442.2016000861999
217,Luzerne,Pennsylvania,41.177,-75.9892,325978,Luzerne_PA,365.9343743334718
218,Lancaster,Nebraska,40.7842,-96.6878,323673,Lancaster_NE,385.8394526034713
219,Escambia,Florida,30.669,-87.363,323275,Escambia_FL,488.07277119347776
220,Fayette,Kentucky,38.0423,-84.4587,321122,Fayette_KY,1128.6447349922678
221,Rockingham,New Hampshire,42.9876,-71.1254,317163,Rockingham_NH,456.37590652699436
222,Northampton,Pennsylvania,40.7542,-75.3076,315927,Northampton_PA,845.1765650080257
223,Albany,New York,42.6002,-73.9736,315374,Albany_NY,602.491164390104
224,Lubbock,Texas,33.6102,-101.8205,314633,Lubbock_TX,349.7904368030773
225,Lorain,Ohio,41.2956,-82.151,314588,Lorain_OH,638.7573604060914
226,McHenry,Illinois,42.3244,-88.4523,311366,McHenry_IL,515.9251710825007
227,Cumberland,Maine,43.8466,-70.3996,305940,Cumberland_ME,366.17155988557886
228,Gloucester,New Jersey,39.7173,-75.1414,304504,Gloucester_NJ,937.7432865237743
229,Greene,Missouri,37.2581,-93.342,301121,Greene_MO,446.1250129635391
230,Lexington,South Carolina,33.9023,-81.2722,300370,Lexington_SC,429.56024311762604
231,Clayton,Georgia,33.542,-84.3576,298771,Clayton_GA,2094.874491656149
232,Ottawa,Michigan,42.9599,-85.996,298614,Ottawa_MI,527.913020418987
233,Chatham,Georgia,32.0043,-81.1329,298143,Chatham_GA,680.5208737531669
234,Cleveland,Oklahoma,35.2031,-97.3265,297545,Cleveland_OK,555.0073678909179
235,Dutchess,New York,41.7652,-73.7429,297144,Dutchess_NY,370.69324717124715
236,Thurston,Washington,46.9256,-122.8333,296640,Thurston_WA,408.021787571181
237,Leon,Florida,30.458,-84.2779,295335,Leon_FL,442.9537750847407
238,Benton,Arkansas,36.3387,-94.2561,294541,Benton_AR,348.1613257839927
239,St. Louis,Missouri,38.6358,-90.2451,293109,St. Louis_MO,577.2021031488155
240,St. Johns,Florida,29.9016,-81.4407,292243,St. Johns_FL,479.86568365051477
241,Anchorage,Alaska,61.1498,-149.1082,289069,Anchorage_AK,170.32011359819938
242,York,South Carolina,34.9748,-81.1845,288559,York_SC,422.8280460106967
243,Dauphin,Pennsylvania,40.4155,-76.7794,287484,Dauphin_PA,547.2862609225381
244,Merced,California,37.1919,-120.7177,285597,Merced_CA,148.078229264423
245,Winnebago,Illinois,42.3363,-89.1609,283289,Winnebago_IL,551.4248452524623
246,Ingham,Michigan,42.5971,-84.3735,282015,Ingham_MI,504.32768826338094
247,Alachua,Florida,29.6747,-82.3577,281751,Alachua_FL,322.2773806119531
248,San Luis Obispo,California,35.3871,-120.4043,281486,San Luis Obispo_CA,85.18726999806314
249,Frederick,Maryland,39.4722,-77.398,280341,Frederick_MD,422.91364952932656
250,Kitsap,Washington,47.6127,-122.6762,276581,Kitsap_WA,698.4897845796398
251,Atlantic,New Jersey,39.4778,-74.6613,274704,Atlantic_NJ,489.607357370738
252,Cherokee,Georgia,34.244,-84.4762,274539,Cherokee_GA,647.9866880664653
253,St. Joseph,Indiana,41.6166,-86.2899,272574,St. Joseph_IN,595.9986006034898
254,Washington,Minnesota,45.0388,-92.8838,272298,Washington_MN,695.1697727852949
255,Buncombe,North Carolina,35.6112,-82.5301,271790,Buncombe_NC,414.32034024908916
256,Erie,Pennsylvania,41.9925,-80.0327,269544,Erie_PA,336.11073009539246
257,Brown,Wisconsin,44.4525,-88.0037,269425,Brown_WI,509.6182946205645
258,St. Tammany,Louisiana,30.4103,-89.9584,269331,St. Tammany_LA,315.32049405842065
259,Webb,Texas,27.7611,-99.3315,267731,Webb_TX,79.75709225668264
260,Weber,Utah,41.2698,-111.9134,266183,Weber_UT,462.4926156305383
261,Santa Cruz,California,37.0562,-122.0018,266021,Santa Cruz_CA,597.4777648010062
262,Madison,Illinois,38.8297,-89.9049,264631,Madison_IL,364.9982069460153
263,Cumberland,Pennsylvania,40.1636,-77.2655,264422,Cumberland_PA,480.6187178508461
264,McLennan,Texas,31.5524,-97.2018,263608,McLennan_TX,253.01186317042266
265,Harford,Maryland,39.5611,-76.3171,262509,Harford_MD,596.1371636198478
266,Kalamazoo,Michigan,42.2455,-85.5312,261437,Kalamazoo_MI,465.30630406151
267,Forsyth,Georgia,34.2255,-84.1251,260062,Forsyth_GA,1151.736049601417
268,Marin,California,38.0735,-122.7236,258765,Marin_CA,497.8164678722586
269,Yakima,Washington,46.4571,-120.7385,256605,Yakima_WA,59.72794752608683
270,Hays,Texas,30.0579,-98.0312,256429,Hays_TX,378.28639709678845
271,Clay,Missouri,39.3105,-94.4209,255566,Clay_MO,644.798788949161
272,St. Clair,Illinois,38.4703,-89.9284,254777,St. Clair_IL,383.81012639158797
273,Williamson,Tennessee,35.8938,-86.8986,254609,Williamson_TN,436.9619688336652
274,Jefferson,Texas,29.8841,-94.1629,253939,Jefferson_TX,281.0458746057219
275,Washington,Arkansas,35.9791,-94.2156,251863,Washington_AR,265.19711072737226
276,Chesapeake,Virginia,36.6778,-76.3023,251153,Chesapeake_VA,737.1243249589105
277,Sussex,Delaware,38.6606,-75.39,247799,Sussex_DE,264.29638004223636
278,Warren,Ohio,39.4277,-84.1668,246364,Warren_OH,616.480244225909
279,Henry,Georgia,33.453,-84.1542,245417,Henry_GA,760.4877444144898
280,Lafayette,Louisiana,30.2068,-92.0639,245075,Lafayette_LA,908.2570507356485
281,Union,North Carolina,34.9884,-80.5307,244975,Union_NC,384.35288764767716
282,Canyon,Idaho,43.6251,-116.7093,242405,Canyon_ID,411.0510072576816
283,Yavapai,Arizona,34.5998,-112.5537,241656,Yavapai_AZ,29.748501224871664
284,Baldwin,Alabama,30.7277,-87.7226,239945,Baldwin_AL,150.3085163028158
285,Berkeley,South Carolina,33.1973,-79.9522,238723,Berkeley_SC,217.47166854935685
286,Smith,Texas,32.375,-95.2692,238014,Smith_TX,256.3756220513152
287,Brazos,Texas,30.6608,-96.3024,237980,Brazos_TX,406.26173648810135
288,Saratoga,New York,43.1074,-73.8639,237075,Saratoga_NY,292.02182696097753
289,Arlington,Virginia,38.8786,-77.1011,235463,Arlington_VA,9101.778121376112
290,Norfolk,Virginia,36.8947,-76.257,235037,Norfolk_VA,4374.409082449284
291,Tuscaloosa,Alabama,33.2896,-87.5251,234036,Tuscaloosa_AL,176.71496636136428
292,Caddo,Louisiana,32.5806,-93.8823,232973,Caddo_LA,264.14471819408385
293,Lake,Ohio,41.6963,-81.2372,232101,Lake_OH,1017.050085447614
294,Gaston,North Carolina,35.2944,-81.1803,231485,Gaston_NC,649.8554223632127
295,Cabarrus,North Carolina,35.3868,-80.5519,231262,Cabarrus_NC,634.6551771453662
296,New Hanover,North Carolina,34.2329,-77.8848,231214,New Hanover_NC,1162.2882420952094
297,Barnstable,Massachusetts,41.7244,-70.2903,230073,Barnstable_MA,581.7122196657481
298,Oneida,New York,43.2418,-75.4358,229645,Oneida_NY,189.36670239960418
299,Linn,Iowa,42.079,-91.599,229463,Linn_IA,319.83580508474574
300,Whatcom,Washington,48.8259,-121.7199,228432,Whatcom_WA,107.77483687421267
301,Jefferson,Missouri,38.261,-90.5377,228227,Jefferson_MO,347.4832521315469
302,Montgomery,Tennessee,36.4969,-87.3828,227957,Montgomery_TN,422.7062008604065
303,Richmond,Virginia,37.5294,-77.4756,227595,Richmond_VA,1188.7339392040112
304,Richmond,Virginia,37.5294,-77.4756,227595,Richmond_VA,3788.8296986848677
305,Montgomery,Alabama,32.2203,-86.2076,227197,Montgomery_AL,287.6785352512156
306,Mahoning,Ohio,41.0146,-80.7763,227063,Mahoning_OH,546.8103552077062
307,Shelby,Alabama,33.2643,-86.6607,226955,Shelby_AL,285.5893493060187
308,Johnston,North Carolina,35.5178,-78.3657,226623,Johnston_NC,286.1943549914757
309,Clay,Florida,29.9831,-81.8579,223436,Clay_FL,371.70567782934904
310,Jackson,Oregon,42.4322,-122.7285,222563,Jackson_OR,79.90944962462166
311,Hinds,Mississippi,32.2667,-90.4429,222494,Hinds_MS,255.98149980441337
312,Doña Ana,New Mexico,32.3526,-106.8328,221665,Dona Ana_NM,58.22288412946065
313,Delaware,Ohio,40.2784,-83.0049,221160,Delaware_OH,499.89828439682645
314,Yolo,California,38.6866,-121.9011,217782,Yolo_CA,214.92988048595143
315,Mohave,Arizona,35.7041,-113.7579,217420,Mohave_AZ,16.33307391125361
316,Lackawanna,Pennsylvania,41.4367,-75.6092,215834,Lackawanna_PA,470.6059350674836
317,York,Maine,43.4782,-70.7144,214731,York_ME,216.69862350139266
318,Okaloosa,Florida,30.6913,-86.5917,214281,Okaloosa_FL,229.0232249927856
319,Niagara,New York,43.2001,-78.7452,211341,Niagara_NY,404.1323262262166
320,Benton,Washington,46.2398,-119.5112,210224,Benton_WA,123.43681191246499
321,Clermont,Ohio,39.0476,-84.1517,209862,Clermont_OH,464.30673244983296
322,Washington,Pennsylvania,40.1894,-80.2483,209778,Washington_PA,244.75609329241968
323,Butte,California,39.6669,-121.6007,209470,Butte_CA,127.76534166112633
324,Harrison,Mississippi,30.5122,-89.116,209443,Harrison_MS,360.49950084340253
325,Calcasieu,Louisiana,30.2293,-93.3581,208668,Calcasieu_LA,194.8129061169617
326,Onslow,North Carolina,34.7322,-77.4322,208537,Onslow_NC,271.9503925301896
327,Hall,Georgia,34.3171,-83.8195,208395,Hall_GA,529.3781435756744
328,Yuma,Arizona,32.7695,-113.9056,207685,Yuma_AZ,37.66441969572495
329,Anderson,South Carolina,34.5193,-82.6378,207218,Anderson_SC,288.59641792707725
330,Elkhart,Indiana,41.5974,-85.8587,206868,Elkhart_IN,446.0188439231582
331,Champaign,Illinois,40.1401,-88.1992,206098,Champaign_IL,206.75755660557178
332,Richmond,Georgia,33.3596,-82.0736,206040,Richmond_GA,635.8474262436736
333,Muscogee,Georgia,32.51,-84.8771,204383,Muscogee_GA,945.0799963007491
334,Ellis,Texas,32.3484,-96.7947,203927,Ellis_TX,216.96439020757308
335,Hawaii,Hawaii,19.5984,-155.5183,203684,Hawaii_HI,50.56677970814445
336,Deschutes,Oregon,43.915,-121.2281,203026,Deschutes_OR,67.26835975680466
337,Hernando,Florida,28.5537,-82.424,201512,Hernando_FL,421.299993727917
338,Trumbull,Ohio,41.317,-80.7613,201367,Trumbull_OH,326.63995587853617
339,Minnehaha,South Dakota,43.6742,-96.7915,200689,Minnehaha_SD,247.86517964108836
340,Sumner,Tennessee,36.469,-86.4606,200553,Sumner_TN,378.90232382391844
341,St. Louis,Minnesota,47.6031,-92.4707,200056,St. Louis_MN,32.1366840370368
342,Broome,New York,42.1602,-75.8196,197738,Broome_NY,279.7572224894598
343,Racine,Wisconsin,42.7475,-88.0613,196888,Racine_WI,591.0777544280996
344,Butler,Pennsylvania,40.912,-79.9133,195870,Butler_PA,248.39891950845245
345,Sangamon,Illinois,39.7582,-89.6589,195217,Sangamon_IL,224.85774839319038
346,Livingston,Michigan,42.6029,-83.9115,195143,Livingston_MI,343.3198451794511
347,Charlotte,Florida,26.9058,-81.9114,195083,Charlotte_FL,281.26153402537483
348,Sarpy,Nebraska,41.1129,-96.112,194051,Sarpy_NE,806.7977714950939
349,Santa Rosa,Florida,30.7004,-87.0219,193719,Santa Rosa_FL,190.4939376358255
350,El Dorado,California,38.7787,-120.5247,192299,El Dorado_CA,112.39968436741971
351,Beaufort,South Carolina,32.3857,-80.7306,192123,Beaufort_SC,327.37450158470506
352,Iredell,North Carolina,35.8071,-80.8734,191800,Iredell_NC,333.2348802057091
353,Outagamie,Wisconsin,44.4161,-88.4649,191537,Outagamie_WI,299.11765624511975
354,Washington,Utah,37.2804,-113.5048,189827,Washington_UT,78.22691645169
355,Cass,North Dakota,46.933,-97.248,189286,Cass_ND,107.23021929153708
356,Saginaw,Michigan,43.335,-84.0532,189210,Saginaw_MI,233.9015736837551
357,Johnson,Texas,32.379,-97.3665,188820,Johnson_TX,258.86320638315374
358,DeSoto,Mississippi,34.8753,-89.9912,188598,DeSoto_MS,394.6720796886117
359,Tippecanoe,Indiana,40.3886,-86.8941,187399,Tippecanoe_IN,374.9554813021469
360,Boone,Missouri,38.9906,-92.3097,185874,Boone_MO,271.17867615949115
361,Kent,Delaware,39.086,-75.5686,185043,Kent_DE,313.7811164620498
362,Newport News,Virginia,37.105,-76.5181,184774,Newport News_VA,2705.7255820764385
363,Medina,Ohio,41.1176,-81.8997,183049,Medina_OH,434.22844265211717
364,Ulster,New York,41.8881,-74.2586,182109,Ulster_NY,161.66199133584263
365,Shasta,California,40.7637,-122.0405,181554,Shasta_CA,47.96430298082791
366,Bay,Florida,30.2652,-85.6203,181368,Bay_FL,237.4921433060968
367,Licking,Ohio,40.0916,-82.4831,180311,Licking_OH,262.65258557902405
368,Vanderburgh,Indiana,38.0249,-87.5859,179908,Vanderburgh_IN,766.9693481689901
369,Peoria,Illinois,40.788,-89.7601,179831,Peoria_IL,290.27472882231405
370,Hendricks,Indiana,39.7695,-86.51,179379,Hendricks_IN,439.23455520458384
371,Imperial,California,33.0395,-115.3653,179319,Imperial_CA,42.953436509666496
372,Guadalupe,Texas,29.5831,-97.9486,178368,Guadalupe_TX,250.81981044520066
373,Shawnee,Kansas,39.0415,-95.7565,178315,Shawnee_KS,324.31523043905275
374,Kanawha,West Virginia,38.3365,-81.5281,178198,Kanawha_WV,197.3181264533274
375,Kootenai,Idaho,47.6744,-116.7018,177736,Kootenai_ID,142.7460806990491
376,Lee,Alabama,32.6011,-85.3555,177663,Lee_AL,291.8680488245634
377,Muskegon,Michigan,43.2912,-86.152,175378,Muskegon_MI,344.4728158390949
378,Comal,Texas,29.8082,-98.2783,174552,Comal_TX,310.8950040074806
379,Carroll,Maryland,39.5629,-77.0225,174318,Carroll_MD,388.1237058312738
380,Scott,Iowa,41.6371,-90.6232,174302,Scott_IA,380.63022732732077
381,Paulding,Georgia,33.9206,-84.8673,174292,Paulding_GA,556.0795073860191
382,Alamance,North Carolina,36.0437,-79.3995,174286,Alamance_NC,405.32570524895925
383,Porter,Indiana,41.4603,-87.0672,174150,Porter_IN,416.51718447298555
384,Pitt,North Carolina,35.5933,-77.3745,172279,Pitt_NC,264.40191534424014
385,Aiken,South Carolina,33.5443,-81.6347,171949,Aiken_SC,160.30149348348962
386,Midland,Texas,31.8691,-102.0316,171496,Midland_TX,190.49819494584838
387,Winnebago,Wisconsin,44.0689,-88.6446,171357,Winnebago_WI,390.7086506452643
388,Davidson,North Carolina,35.7933,-80.2128,171063,Davidson_NC,309.8125509372453
389,McLean,Illinois,40.4909,-88.8473,170882,McLean_IL,144.38332784128835
390,Kent,Rhode Island,41.6722,-71.5932,170658,Kent_RI,1002.8677205147794
391,Kenton,Kentucky,38.9334,-84.5333,169817,Kenton_KY,1048.4472433166636
392,Chittenden,Vermont,44.4611,-73.0813,168831,Chittenden_VT,313.2068121104185
393,Pueblo,Colorado,38.1735,-104.5127,168726,Pueblo_CO,70.63536917724778
394,Charles,Maryland,38.5073,-76.9922,168710,Charles_MD,365.9652928416486
395,Greene,Ohio,39.6915,-83.8899,168531,Greene_OH,406.21625530273815
396,Kenosha,Wisconsin,42.5769,-88.0424,168413,Kenosha_WI,617.2818238463512
397,Monroe,Pennsylvania,41.0581,-75.3395,167784,Monroe_PA,275.73377156943303
398,Yellowstone,Montana,45.9373,-108.2744,167340,Yellowstone_MT,63.50302639318445
399,Wyandotte,Kansas,39.1146,-94.7646,167277,Wyandotte_KS,1104.9408811678447
400,Beaver,Pennsylvania,40.6823,-80.3493,166993,Beaver_PA,384.590405564128
401,Houston,Georgia,32.459,-83.6662,166902,Houston_GA,443.0046449900465
402,Maui,Hawaii,20.8596,-156.565,164632,Maui_HI,142.02208419599722
403,Dorchester,South Carolina,33.0794,-80.4068,164322,Dorchester_SC,285.91164546830686
404,Johnson,Indiana,39.49,-86.1016,163983,Johnson_IN,512.1427902183079
405,Rock,Wisconsin,42.6712,-89.0716,163944,Rock_WI,227.551459463961
406,Indian River,Florida,27.6943,-80.6064,163856,Indian River_FL,325.6085686465433
407,Olmsted,Minnesota,44.0038,-92.4018,163425,Olmsted_MN,250.26416134515551
408,Ector,Texas,31.8692,-102.5429,163206,Ector_TX,181.12667302954299
409,Canadian,Oklahoma,35.5424,-97.9824,162621,Canadian_OK,180.74824109990996
410,Catawba,North Carolina,35.662,-81.2151,162051,Catawba_NC,405.15788684151306
411,Portage,Ohio,41.1677,-81.1974,161421,Portage_OH,327.8315969048925
412,Fairfield,Ohio,39.7516,-82.6306,161289,Fairfield_OH,319.3146047395617
413,Kaufman,Texas,32.5993,-96.2878,160718,Kaufman_TX,204.4654216070429
414,Stafford,Virginia,38.4207,-77.458,160520,Stafford_VA,593.7488440909931
415,Martin,Florida,27.0775,-80.4315,160464,Martin_FL,288.80169900291565
416,Rensselaer,New York,42.7111,-73.5097,160341,Rensselaer_NY,245.18472077802923
417,Jackson,Michigan,42.2485,-84.4234,160187,Jackson_MI,226.7011038777243
418,St. Clair,Michigan,42.9341,-82.6806,160089,St. Clair_MI,221.00445904717202
419,Sullivan,Tennessee,36.5129,-82.3042,159693,Sullivan_TN,386.64713573192586
420,Columbia,Georgia,33.5441,-82.2641,159638,Columbia_GA,550.4568807972139
421,Schenectady,New York,42.8181,-74.0586,159603,Schenectady_NY,774.3959243085881
422,Stearns,Minnesota,45.5522,-94.6131,159358,Stearns_MN,118.524082944099
423,Ouachita,Louisiana,32.4784,-92.1549,158916,Ouachita_LA,260.2918775490148
424,Madera,California,37.218,-119.7627,158790,Madera_CA,74.34476042437238
425,Citrus,Florida,28.8489,-82.4794,158693,Citrus_FL,271.8230246141724
426,Rankin,Mississippi,32.2641,-89.9458,158218,Rankin_MS,204.27877911480658
427,Parker,Texas,32.7776,-97.8051,158079,Parker_TX,174.96098548992265
428,Centre,Pennsylvania,40.9189,-77.8199,158041,Centre_PA,142.6968118245104
429,Mesa,Colorado,39.0183,-108.4664,157316,Mesa_CO,47.27398392307114
430,Alexandria,Virginia,38.8185,-77.0861,156788,Alexandria_VA,10328.59025032938
431,Franklin,Pennsylvania,39.9274,-77.7213,156626,Franklin_PA,202.90444605658618
432,Hampshire,Massachusetts,42.3402,-72.6638,156595,Hampshire_MA,296.0040073341777
433,Bibb,Georgia,32.8065,-83.6974,156543,Bibb_GA,626.2722035525684
434,Santa Fe,New Mexico,35.5069,-105.9763,155175,Santa Fe_NM,81.27792414584195
435,Washington,Maryland,39.6036,-77.814,155033,Washington_MD,338.39656000349237
436,Merrimack,New Hampshire,43.2975,-71.6802,155018,Merrimack_NH,165.89578673629913
437,Monroe,Michigan,41.9291,-83.5394,155001,Monroe_MI,281.2574850299401
438,Johnson,Iowa,41.6715,-91.5881,154881,Johnson_IA,252.0521416482229
439,Wilson,Tennessee,36.1547,-86.2973,153587,Wilson_TN,269.18169549748495
440,Penobscot,Maine,45.4006,-68.6495,153571,Penobscot_ME,45.22473812700068
441,Berrien,Michigan,41.9547,-86.4123,153411,Berrien_MI,268.6707530647986
442,Scott,Minnesota,44.6485,-93.5359,152957,Scott_MN,428.8353706403499
443,Cumberland,New Jersey,39.3739,-75.1107,152915,Cumberland_NJ,312.51788268955653
444,Kings,California,36.0752,-119.8155,152830,Kings_CA,109.87138656640235
445,Sandoval,New Mexico,35.6886,-106.8659,151538,Sandoval_NM,40.85308976799107
446,Coweta,Georgia,33.3534,-84.7634,150071,Coweta_GA,339.0515566400072
447,Rowan,North Carolina,35.6394,-80.5247,148487,Rowan_NC,290.4050380395455
448,Orange,North Carolina,36.0611,-79.1207,147292,Orange_NC,368.3773509403762
449,Douglas,Georgia,33.7019,-84.7679,146141,Douglas_GA,733.2714500752634
450,Brunswick,North Carolina,34.0715,-78.2383,145889,Brunswick_NC,170.67232887609822
451,Livingston,Louisiana,30.4401,-90.7279,145583,Livingston_LA,224.65818956205055
452,Randolph,North Carolina,35.7103,-79.806,145322,Randolph_NC,184.56868522657996
453,Wright,Minnesota,45.174,-93.963,145270,Wright_MN,219.85622398789255
454,Sussex,New Jersey,41.1393,-74.6909,145117,Sussex_NJ,278.3965775236926
455,Coconino,Arizona,35.8387,-111.7705,144643,Coconino_AZ,7.769229033883321
456,Jackson,Mississippi,30.5425,-88.6358,144437,Jackson_MS,198.70271013894623
457,Taylor,Texas,32.3015,-99.8901,144259,Taylor_TX,157.55163111737275
458,Spotsylvania,Virginia,38.1851,-77.6561,143876,Spotsylvania_VA,358.9183255999601
459,Randall,Texas,34.9659,-101.897,143791,Randall_TX,157.24659077239374
460,Lebanon,Pennsylvania,40.3672,-76.4577,143592,Lebanon_PA,396.8164483501907
461,Schuylkill,Pennsylvania,40.7058,-76.216,143259,Schuylkill_PA,184.05236651420935
462,Rock Island,Illinois,41.4673,-90.5674,142995,Rock Island_IL,335.079086115993
463,Grayson,Texas,33.6268,-96.6777,139988,Grayson_TX,149.95875780655805
464,Monroe,Indiana,39.1609,-86.5231,139822,Monroe_IN,354.5632052745023
465,Marathon,Wisconsin,44.8983,-89.7591,138067,Marathon_WI,89.36606772990886
466,Blount,Tennessee,35.6872,-83.9255,137747,Blount_TN,246.61092810083073
467,Boone,Kentucky,38.9699,-84.7278,137676,Boone_KY,559.0676520750427
468,Warren,Kentucky,36.9936,-86.4238,137549,Warren_KY,252.2862750132976
469,Sumter,Florida,28.7048,-82.081,137536,Sumter_FL,252.0220621919264
470,Hampton,Virginia,37.0554,-76.3632,137334,Hampton_VA,2652.2595596755505
471,Washington,Wisconsin,43.3685,-88.2307,137320,Washington_WI,318.7410055243489
472,Cache,Utah,41.7225,-111.7436,137031,Cache_UT,117.67165870916773
473,Florence,South Carolina,34.0245,-79.703,136921,Florence_SC,171.18548709741947
474,Harnett,North Carolina,35.3689,-78.8693,136503,Harnett_NC,229.4129510428396
475,Napa,California,38.507,-122.3306,136070,Napa_CA,180.5288365860454
476,Clark,Ohio,39.9167,-83.7844,135445,Clark_OH,338.7310558695543
477,Humboldt,California,40.6993,-123.8756,135418,Humboldt_CA,37.90577440384718
478,Tangipahoa,Louisiana,30.6266,-90.4057,135218,Tangipahoa_LA,171.11004251872848
479,Kendall,Illinois,41.5906,-88.4288,135053,Kendall_IL,421.27706032815524
480,Washington,Tennessee,36.2933,-82.4974,134693,Washington_TN,412.77619441635255
481,Calhoun,Michigan,42.2465,-85.0056,133846,Calhoun_MI,188.85596568461452
482,Pickens,South Carolina,34.8873,-82.7253,132604,Pickens_SC,266.8679184527763
483,Cambria,Pennsylvania,40.4951,-78.7134,132355,Cambria_PA,192.37086131217117
484,Wood,Ohio,41.3617,-83.623,131795,Wood_OH,213.49543186677897
485,Strafford,New Hampshire,43.297,-71.0288,131743,Strafford_NH,357.25946415012476
486,Madison,Indiana,40.1616,-85.7194,130949,Madison_IN,289.6268772255767
487,Black Hawk,Iowa,42.4701,-92.3088,130693,Black Hawk_IA,230.4544091975102
488,Tazewell,Illinois,40.5075,-89.5135,130555,Tazewell_IL,201.20673180655302
489,Skagit,Washington,48.4795,-121.729,130407,Skagit_WA,75.1564715239116
490,Washington,Rhode Island,41.4697,-71.6226,130073,Washington_RI,390.90308039068367
491,Wichita,Texas,33.988,-98.7035,129842,Wichita_TX,206.86677500557627
492,Linn,Oregon,44.4887,-122.5343,129794,Linn_OR,56.62469788585539
493,Hunterdon,New Jersey,40.5673,-74.9122,129448,Hunterdon_NJ,301.0838721682095
494,Clarke,Georgia,33.9512,-83.3673,129267,Clarke_GA,1070.1796506333305
495,Bossier,Louisiana,32.6784,-93.6049,129134,Bossier_LA,153.8683348227584
496,Ascension,Louisiana,30.2036,-90.9113,128593,Ascension_LA,441.09697115219706
497,Rapides,Louisiana,31.1986,-92.5332,128470,Rapides_LA,97.13883890090281
498,Sebastian,Arkansas,35.1989,-94.2743,128448,Sebastian_AR,239.53453677457856
499,Berkshire,Massachusetts,42.3707,-73.2063,128047,Berkshire_MA,137.48979942447278
500,Bonneville,Idaho,43.3877,-111.6148,127056,Bonneville_ID,67.99965747559513
501,Fayette,Pennsylvania,39.9201,-79.6474,126967,Fayette_PA,160.689244943934
502,Chautauqua,New York,42.2281,-79.3663,126329,Chautauqua_NY,118.94826043971565
503,Berkeley,West Virginia,39.4641,-78.0275,126165,Berkeley_WV,392.8660397334496
504,Faulkner,Arkansas,35.147,-92.332,126001,Faulkner_AR,194.63220983039326
505,Saline,Arkansas,34.6466,-92.6766,125724,Saline_AR,173.78154977469381
506,Kennebec,Maine,44.4091,-69.7673,125614,Kennebec_ME,144.78664791719495
507,Cochise,Arizona,31.8796,-109.7512,125458,Cochise_AZ,20.335362147355113
508,Richland,Ohio,40.7747,-82.5365,125138,Richland_OH,251.84752857832876
509,Gregg,Texas,32.4805,-94.817,124860,Gregg_TX,455.643542677809
510,Morgan,Alabama,34.4535,-86.8529,123742,Morgan_AL,212.53843115027223
511,Jasper,Missouri,37.2036,-94.3406,123532,Jasper_MO,193.10021415284572
512,Clark,Indiana,38.4772,-85.7073,122800,Clark_IN,327.43174061433444
513,Gallatin,Montana,45.5404,-111.1704,122194,Gallatin_MT,46.892364842047094
514,Carroll,Georgia,33.5828,-85.0798,122187,Carroll_GA,244.89808189525584
515,Blair,Pennsylvania,40.4811,-78.3483,121854,Blair_PA,231.74971472042603
516,Flagler,Florida,29.4614,-81.3136,121710,Flagler_FL,250.94845360824743
517,Comanche,Oklahoma,34.6621,-98.4717,121699,Comanche_OK,113.80651797821108
518,San Juan,New Mexico,36.5085,-108.3206,121178,San Juan_NM,21.97634393781669
519,Allegan,Michigan,42.5913,-85.8883,120913,Allegan_MI,146.12549247093514
520,Fayette,Georgia,33.4139,-84.4943,120689,Fayette_GA,612.4790662268459
521,La Crosse,Wisconsin,43.9066,-91.1152,120262,La Crosse_WI,265.63148827141407
522,Missoula,Montana,47.0365,-113.9237,119639,Missoula_MT,46.05095516884337
523,Douglas,Kansas,38.8847,-95.2926,119547,Douglas_KS,261.6652439424782
524,Tom Green,Texas,31.4044,-100.4621,119398,Tom Green_TX,78.44294067406872
525,Lowndes,Georgia,30.8338,-83.2677,119055,Lowndes_GA,236.11717107611756
526,Oswego,New York,43.4269,-76.1413,117945,Oswego_NY,123.72285744256793
527,Sheboygan,Wisconsin,43.7212,-87.9454,117783,Sheboygan_WI,229.31487646749605
528,Wayne,North Carolina,35.364,-78.004,117606,Wayne_NC,212.8345729952766
529,Henderson,North Carolina,35.3363,-82.48,117387,Henderson_NC,313.86898395721926
530,Rockwall,Texas,32.8978,-96.4079,116931,Rockwall_TX,907.9198695550897
531,Robeson,North Carolina,34.6402,-79.1039,116858,Robeson_NC,123.1588044348889
532,Potter,Texas,35.4013,-101.8939,116634,Potter_TX,128.27636267652105
533,Wayne,Ohio,40.8289,-81.888,116618,Wayne_OH,209.9863151829444
534,Calhoun,Alabama,33.7714,-85.826,116141,Calhoun_AL,190.87696808335798
535,Jefferson,New York,44.0496,-75.9203,116130,Jefferson_NY,91.28281716711209
536,Newton,Georgia,33.555,-83.8502,115530,Newton_GA,417.9358246210614
537,St. Mary's,Maryland,38.3024,-76.6058,114372,St. Mary's_MD,316.6006920415225
538,Albemarle,Virginia,38.0229,-78.5567,113683,Albemarle_VA,157.322760548567
539,Lycoming,Pennsylvania,41.3434,-77.0645,113570,Lycoming_PA,91.97068469854639
540,Ontario,New York,42.8528,-77.2998,112405,Ontario_NY,174.4389956237003
541,Androscoggin,Maine,44.1658,-70.2064,112323,Androscoggin_ME,238.84789588959535
542,LaPorte,Indiana,41.546,-86.74,112141,LaPorte_IN,187.4515244717839
543,Delaware,Indiana,40.2275,-85.3969,112109,Delaware_IN,285.05428564163844
544,Craighead,Arkansas,35.8308,-90.6328,112097,Craighead_AR,157.69652805131955
545,Pennington,South Dakota,44.0037,-102.8238,112081,Pennington_SD,40.37281847162437
546,Douglas,Oregon,43.2797,-123.1665,111807,Douglas_OR,22.19881587254945
547,Hanover,Virginia,37.7601,-77.491,111652,Hanover_VA,236.2105441313362
548,Cowlitz,Washington,46.1932,-122.681,111539,Cowlitz_WA,97.95809035340405
549,Hardin,Kentucky,37.6979,-85.9634,111452,Hardin_KY,177.47698971304817
550,Bartow,Georgia,34.2377,-84.8403,111153,Bartow_GA,241.9367477091178
551,Matanuska-Susitna,Alaska,62.316,-149.5729,110677,Matanuska-Susitna_AK,4.484201553063545
552,Madison,Mississippi,32.6347,-90.0337,110303,Madison_MS,153.8160114905663
553,Warren,New Jersey,40.8572,-74.9973,110238,Warren_NJ,308.03923212339674
554,Mercer,Pennsylvania,41.3022,-80.2577,109852,Mercer_PA,163.51403649787144
555,Bradley,Tennessee,35.1541,-84.8596,109743,Bradley_TN,333.84947675833536
556,Miami,Ohio,40.0535,-84.2288,109549,Miami_OH,269.1357114779874
557,Cass,Missouri,38.647,-94.3549,109393,Cass_MO,156.50152362694746
558,LaSalle,Illinois,41.344,-88.8859,109049,LaSalle_IL,96.08518662108342
559,Eaton,Michigan,42.5961,-84.8383,109000,Eaton_MI,189.1015076074322
560,Platte,Missouri,39.3803,-94.7738,108751,Platte_MO,258.7276663573859
561,Carver,Minnesota,44.8207,-93.8026,108622,Carver_MN,304.2292180147882
562,Flathead,Montana,48.2951,-114.0497,108445,Flathead_MT,21.27064887787005
563,Yamhill,Oregon,45.2326,-123.3081,108122,Yamhill_OR,151.10123539605345
564,St. Lawrence,New York,44.4964,-75.0691,107796,St. Lawrence_NY,40.13851653261841
565,Navajo,Arizona,35.3996,-110.3214,107744,Navajo_AZ,10.825083038787604
566,Houston,Alabama,31.1532,-85.3025,107628,Houston_AL,185.45041009028878
567,Limestone,Alabama,34.8101,-86.9814,107577,Limestone_AL,189.37945603379987
568,Terrebonne,Louisiana,29.4148,-90.8663,107362,Terrebonne_LA,85.55218219342912
569,Kankakee,Illinois,41.1377,-87.8618,106833,Kankakee_IL,157.8618396749169
570,Monongalia,West Virginia,39.6303,-80.0466,106520,Monongalia_WV,294.938531398826
571,Eau Claire,Wisconsin,44.7268,-91.286,106328,Eau Claire_WI,166.7523994730569
572,Vigo,Indiana,39.4306,-87.39,106201,Vigo_IN,263.3365568201542
573,Woodbury,Iowa,42.3897,-96.0448,105760,Woodbury_IA,121.20239746043387
574,Walworth,Wisconsin,42.6685,-88.5419,105447,Walworth_WI,189.88853073058294
575,Franklin,Missouri,38.4111,-91.075,105316,Franklin_MO,114.12533457591488
576,Adams,Pennsylvania,39.8715,-77.2178,105183,Adams_PA,202.27111017095825
577,Hunt,Texas,33.1236,-96.0855,104917,Hunt_TX,124.72894574159494
578,Maury,Tennessee,35.6169,-87.077,104855,Maury_TN,171.09127696374375
579,Sumter,South Carolina,33.9162,-80.3822,104853,Sumter_SC,157.57653176237207
580,Cecil,Maryland,39.5712,-75.9407,104366,Cecil_MD,299.79030821819435
581,Dallas,Iowa,41.6849,-94.0398,104136,Dallas_IA,177.56406977338995
582,Wicomico,Maryland,38.3733,-75.6208,104117,Wicomico_MD,276.047935944004
583,Fond du Lac,Wisconsin,43.7536,-88.4883,104053,Fond du Lac_WI,143.93631295735292
584,Highlands,Florida,27.3433,-81.341,103808,Highlands_FL,100.95402958366967
585,Bay,Michigan,43.7075,-83.9924,103235,Bay_MI,232.3804164321891
586,Etowah,Alabama,34.0453,-86.0348,103208,Etowah_AL,192.9770763995363
587,Daviess,Kentucky,37.7318,-87.0873,103195,Daviess_KY,223.17740435563053
588,Whitfield,Georgia,34.8056,-84.9672,103118,Whitfield_GA,355.59157212317666
589,Tompkins,New York,42.452,-76.4736,102879,Tompkins_NY,216.10965234744248
590,Moore,North Carolina,35.3106,-79.4814,102840,Moore_NC,147.3901453263393
591,Macon,Illinois,39.86,-88.9616,102591,Macon_IL,176.72259353682907
592,Nevada,California,39.3013,-120.7689,102452,Nevada_CA,106.9871868505968
593,Bastrop,Texas,30.1036,-97.312,102370,Bastrop_TX,115.23611189283503
594,Allen,Ohio,40.7715,-84.1058,101685,Allen_OH,251.42793561308508
595,Columbiana,Ohio,40.7684,-80.7772,101203,Columbiana_OH,190.0668594824024
596,Craven,North Carolina,35.1249,-77.0939,101074,Craven_NC,142.67323518202224
597,Lancaster,South Carolina,34.6867,-80.7054,100905,Lancaster_SC,183.8011621341008
598,Laramie,Wyoming,41.307,-104.6895,100661,Laramie_WY,37.475475140075574
599,DeKalb,Illinois,41.8935,-88.7703,100512,DeKalb_IL,158.49627854169296
600,Grant,Washington,47.2057,-119.4518,100428,Grant_WA,37.45831872468352
601,Walton,Georgia,33.7816,-83.7339,100361,Walton_GA,304.8818275715414
602,Cleveland,North Carolina,35.3341,-81.5555,100170,Cleveland_NC,215.59090028624928
603,Garland,Arkansas,34.5767,-93.1504,100062,Garland_AR,147.75405333569591
604,Sherburne,Minnesota,45.444,-93.7748,99178,Sherburne_MN,227.31606692642677
605,Montgomery,Virginia,37.1743,-80.3872,99159,Montgomery_VA,255.41960743908092
606,Burleigh,North Dakota,46.9775,-100.4687,98986,Burleigh_ND,60.61270352521907
607,Floyd,Georgia,34.2632,-85.2143,98985,Floyd_GA,192.90433223549587
608,Sutter,California,39.0346,-121.6948,98971,Sutter_CA,164.2563149334484
609,Dubuque,Iowa,42.4688,-90.8825,98948,Dubuque_IA,162.70060510392003
610,Madison,Tennessee,35.6081,-88.8385,98845,Madison_TN,177.45960502692998
611,Lenawee,Michigan,41.8951,-84.0664,98823,Lenawee_MI,131.67621585609592
612,Sevier,Tennessee,35.7846,-83.5242,98802,Sevier_TN,166.81355417109862
613,Marshall,Alabama,34.367,-86.3066,98712,Marshall_AL,174.076817268014
614,Roanoke,Virginia,37.2785,-79.958,98677,Roanoke_VA,393.3391796548013
615,Roanoke,Virginia,37.2785,-79.958,98677,Roanoke_VA,2301.2360074626863
616,Story,Iowa,42.0362,-93.465,98592,Story_IA,172.10487728240756
617,Liberty,Texas,30.1516,-94.8122,97993,Liberty_TX,84.50003449227373
618,Putnam,New York,41.4267,-73.7495,97988,Putnam_NY,423.676928398478
619,Franklin,Washington,46.5347,-118.899,97676,Franklin_WA,78.61880231809401
620,Ashtabula,Ohio,41.7072,-80.7482,97343,Ashtabula_OH,138.57838391891121
621,Portsmouth,Virginia,36.8453,-76.3554,97299,Portsmouth_VA,2934.227985524729
622,Rogers,Oklahoma,36.3715,-95.6043,97235,Rogers_OK,144.06252314986295
623,Roanoke,Virginia,37.2693,-80.068,96793,Roanoke_VA,385.8293139873241
624,Roanoke,Virginia,37.2693,-80.068,96793,Roanoke_VA,2257.2994402985073
625,Lafourche,Louisiana,29.5662,-90.4256,96670,Lafourche_LA,89.1230593354722
626,Suffolk,Virginia,36.6953,-76.6398,96638,Suffolk_VA,241.58292085395732
627,Benton,Oregon,44.4918,-123.4293,96359,Benton_OR,142.44596871951038
628,Grand Traverse,Michigan,44.6687,-85.5605,95757,Grand Traverse_MI,205.89803685466705
629,Fairbanks North Star,Alaska,64.8078,-146.5654,95555,Fairbanks North Star_AK,12.972018288842069
630,Geauga,Ohio,41.4996,-81.1786,95479,Geauga_OH,236.53322102759748
631,Nash,North Carolina,35.9673,-77.9864,95451,Nash_NC,176.67277472374926
632,Cape May,New Jersey,39.1494,-74.8005,95236,Cape May_NJ,373.19644186684434
633,Lauderdale,Alabama,34.9014,-87.654,95037,Lauderdale_AL,141.9606847309772
634,St. Croix,Wisconsin,45.034,-92.4526,94819,St. Croix_WI,131.36100412845306
635,Nassau,Florida,30.6107,-81.8019,94653,Nassau_FL,145.2735783899931
636,Rockdale,Georgia,33.6542,-84.0266,94293,Rockdale_GA,721.8326571231723
637,Madison,Kentucky,37.7202,-84.278,94064,Madison_KY,213.4519379141327
638,Calvert,Maryland,38.5434,-76.5687,93791,Calvert_MD,435.89255007668356
639,Pottawattamie,Iowa,41.3366,-95.5423,93407,Pottawattamie_IA,97.88422442520907
640,Frederick,Virginia,39.2046,-78.2626,93355,Frederick_VA,225.15254564310348
641,Cabell,West Virginia,38.4203,-82.2417,93300,Cabell_WV,331.3327888064207
642,Campbell,Kentucky,38.9465,-84.3795,93193,Campbell_KY,614.932365555922
643,Steuben,New York,42.2678,-77.3838,93034,Steuben_NY,66.80405560661764
644,St. Clair,Alabama,33.7157,-86.3146,92903,St. Clair_AL,146.59250493096647
645,Tuscarawas,Ohio,40.4409,-81.4737,92585,Tuscarawas_OH,163.12237922407414
646,Ozaukee,Wisconsin,43.384,-87.9509,92345,Ozaukee_WI,398.1245958180643
647,Bowie,Texas,33.4458,-94.4234,92321,Bowie_TX,103.98031243312647
648,Twin Falls,Idaho,42.356,-114.6672,92121,Twin Falls_ID,47.85431915346774
649,Grafton,New Hampshire,43.9407,-71.8208,91759,Grafton_NH,53.55594077031279
650,Rockingham,North Carolina,36.396,-79.775,91585,Rockingham_NC,161.6852623402302
651,Victoria,Texas,28.7964,-96.9715,91281,Victoria_TX,103.43456090651559
652,Christian,Missouri,36.9696,-93.1889,91229,Christian_MO,161.99481497265432
653,Wayne,New York,43.1566,-77.0294,91128,Wayne_NY,150.82173416527365
654,Northumberland,Pennsylvania,40.852,-76.7095,90925,Northumberland_PA,197.7017242503968
655,Mendocino,California,39.4402,-123.3915,90709,Mendocino_CA,25.850605733306356
656,Lincoln,North Carolina,35.4856,-81.2235,90359,Lincoln_NC,302.41641286522304
657,Cullman,Alabama,34.1319,-86.8676,89463,Cullman_AL,121.15298674214212
658,Dodge,Wisconsin,43.4163,-88.7075,88818,Dodge_WI,100.66872194768101
659,Lapeer,Michigan,43.0901,-83.2218,88703,Lapeer_MI,135.59003362885966
660,Elmore,Alabama,32.5966,-86.1492,88669,Elmore_AL,142.7244631877153
661,Polk,Oregon,44.9035,-123.4132,88553,Polk_OR,119.49988529479239
662,Bannock,Idaho,42.6685,-112.2246,88457,Bannock_ID,79.45477409503279
663,Josephine,Oregon,42.3655,-123.5555,88069,Josephine_OR,53.71403826566398
664,Burke,North Carolina,35.7496,-81.7048,87863,Burke_NC,173.3955636248816
665,Barrow,Georgia,33.9932,-83.7127,86982,Barrow_GA,536.3630757846704
666,Angelina,Texas,31.2548,-94.6119,86791,Angelina_TX,108.27760866310695
667,Island,Washington,48.163,-122.5481,86747,Island_WA,416.1924866861776
668,Muskingum,Ohio,39.9654,-81.9444,86382,Muskingum_OH,129.9700585288055
669,Jefferson,Wisconsin,43.0208,-88.7759,85867,Jefferson_WI,154.1570169296781
670,Lawrence,Pennsylvania,40.9912,-80.3347,85423,Lawrence_PA,236.98329911779393
671,Newport,Rhode Island,41.5568,-71.2363,85095,Newport_RI,817.8279673234023
672,Orange,Texas,30.1213,-93.8939,84993,Orange_TX,238.476430976431
673,Glynn,Georgia,31.2309,-81.5407,84987,Glynn_GA,201.21457489878543
674,Rockingham,Virginia,38.512,-78.8757,84739,Rockingham_VA,99.55824472772132
675,Cascade,Montana,47.308,-111.347,84601,Cascade_MT,31.358093331850696
676,Wagoner,Oklahoma,35.9611,-95.5212,84339,Wagoner_OK,149.82679291538614
677,Lewis,Washington,46.5778,-122.3927,83925,Lewis_WA,34.85778604774801
678,Dougherty,Georgia,31.5335,-84.2164,83915,Dougherty_GA,254.59648058252426
679,Buchanan,Missouri,39.6598,-94.8059,83855,Buchanan_MO,204.659165792107
680,Wood,West Virginia,39.2112,-81.515,83829,Wood_WV,228.23654333088294
681,Coryell,Texas,31.3909,-97.7993,83772,Coryell_TX,79.64934966151974
682,Henderson,Texas,32.2119,-95.8536,83658,Henderson_TX,95.69225841874085
683,Midland,Michigan,43.6468,-84.3881,83641,Midland_MI,160.4808227325927
684,Howard,Indiana,40.4836,-86.1169,83610,Howard_IN,285.29020370559937
685,Orangeburg,South Carolina,33.439,-80.8003,83531,Orangeburg_SC,75.51439213133723
686,Indiana,Pennsylvania,40.652,-79.0876,83213,Indiana_PA,100.34488164289074
687,Bullitt,Kentucky,37.9701,-85.6959,83209,Bullitt_KY,278.21653069412866
688,Crawford,Pennsylvania,41.6847,-80.1062,83189,Crawford_PA,82.14412670827079
689,Lee,Mississippi,34.2899,-88.6804,83138,Lee_MS,184.9195934073267
690,Yuba,California,39.269,-121.3513,83079,Yuba_CA,131.72715597203063
691,Bartholomew,Indiana,39.206,-85.8976,82881,Bartholomew_IN,203.71890669550686
692,Chemung,New York,42.1413,-76.76,82805,Chemung_NY,202.86890266310604
693,Leavenworth,Kansas,39.1993,-95.038,82493,Leavenworth_KS,178.06678610745354
694,Payne,Oklahoma,36.0773,-96.9756,82290,Payne_OK,119.89684412973162
695,Cape Girardeau,Missouri,37.384,-89.6845,82180,Cape Girardeau_MO,142.02758286958627
696,St. Landry,Louisiana,30.5989,-92.0058,82128,St. Landry_LA,88.43805524147957
697,Hancock,Indiana,39.8236,-85.7732,82013,Hancock_IN,267.9112766235463
698,Monroe,Florida,25.3192,-81.1089,81840,Monroe_FL,82.09366943856517
699,Bulloch,Georgia,32.3968,-81.7432,81372,Bulloch_GA,119.30153796531147
700,Putnam,Tennessee,36.1408,-85.4952,81366,Putnam_TN,202.8824336117691
701,Manitowoc,Wisconsin,44.12,-87.8097,81314,Manitowoc_WI,137.46386489273578
702,Talladega,Alabama,33.3801,-86.1659,81170,Talladega_AL,109.75890092355957
703,Jackson,Georgia,34.1339,-83.5664,80640,Jackson_GA,235.5415352260778
704,Caldwell,North Carolina,35.953,-81.5464,80618,Caldwell_NC,170.94571670907547
705,Floyd,Indiana,38.3187,-85.907,80512,Floyd_IN,544.0
706,Kosciusko,Indiana,41.2441,-85.8607,80357,Kosciusko_IN,149.5013953488372
707,Bedford,Virginia,37.3152,-79.5242,80254,Bedford_VA,106.36713055003314
708,Bedford,Virginia,37.3152,-79.5242,80254,Bedford_VA,11647.89550072569
709,Umatilla,Oregon,45.5919,-118.7369,80087,Umatilla_OR,24.908405541075993
710,James City,Virginia,37.3289,-76.7789,80046,James City_VA,560.0755667506297
711,Walton,Florida,30.6436,-86.1697,79846,Walton_FL,75.50020802602216
712,Natrona,Wyoming,42.9622,-106.7986,79735,Natrona_WY,14.931983490265699
713,Oconee,South Carolina,34.7535,-83.0659,79566,Oconee_SC,127.22214227466783
714,Chelan,Washington,47.8692,-120.619,79518,Chelan_WA,27.219421025067007
715,Clinton,Michigan,42.9437,-84.6015,79419,Clinton_MI,138.9756063416512
716,Lynchburg,Virginia,37.4003,-79.1909,79255,Lynchburg_VA,1604.6770601336302
717,Sullivan,New York,41.7164,-74.7681,79147,Sullivan_NY,81.61924699136856
718,Clinton,New York,44.7462,-73.6782,78961,Clinton_NY,76.00077000818133
719,Clearfield,Pennsylvania,41.0,-78.4742,78902,Clearfield_PA,68.7707004148799
720,Wilson,North Carolina,35.7051,-77.9187,78648,Wilson_NC,211.9378048451858
721,Chatham,North Carolina,35.7026,-79.2554,78319,Chatham_NC,114.69429596543897
722,Walker,Texas,30.739,-95.5723,78292,Walker_TX,99.42472537938916
723,Anderson,Tennessee,36.1185,-84.1985,78175,Anderson_TN,231.62276673283756
724,Forrest,Mississippi,31.1889,-89.2579,78027,Forrest_MS,167.23177161472844
725,Augusta,Virginia,38.1644,-79.1339,77713,Augusta_VA,80.0867719196999
726,Clallam,Washington,48.0493,-123.9308,77593,Clallam_WA,44.607778320733566
727,White,Arkansas,35.2563,-91.7456,77395,White_AR,74.84792510855584
728,Valencia,New Mexico,34.7155,-106.809,77382,Valencia_NM,72.48016634976535
729,Cheshire,New Hampshire,42.9193,-72.2512,76945,Cheshire_NH,108.77155781735935
730,Cole,Missouri,38.5054,-92.2816,76924,Cole_MO,196.51543020641734
731,Ross,Ohio,39.3376,-83.057,76748,Ross_OH,111.4858877703694
732,Tooele,Utah,40.4487,-113.1311,76648,Tooele_UT,11.059758886636317
733,Cattaraugus,New York,42.2486,-78.6788,76479,Cattaraugus_NY,58.387601633774864
734,Grays Harbor,Washington,47.1503,-123.7735,76397,Grays Harbor_WA,39.85466041348225
735,Van Buren,Michigan,42.2513,-86.0188,75681,Van Buren_MI,123.89254493664669
736,Cayuga,New York,42.9175,-76.5545,75464,Cayuga_NY,108.86638391182666
738,Erie,Ohio,41.3641,-82.6194,74938,Erie_OH,294.0128688010044
739,Hancock,Ohio,41.0019,-83.6665,74885,Hancock_OH,140.93347134657006
740,Lonoke,Arkansas,34.7543,-91.8888,74747,Lonoke_AR,97.58603582432502
741,Robertson,Tennessee,36.5255,-86.8706,74291,Robertson_TN,155.9195752093521
742,Putnam,Florida,29.6087,-81.7443,74235,Putnam_FL,102.83422682126086
743,Wood,Wisconsin,44.4553,-90.0416,74039,Wood_WI,93.3916092736951
744,Fauquier,Virginia,38.7386,-77.8092,73935,Fauquier_VA,113.79867631214405
745,Raleigh,West Virginia,37.7714,-81.2487,73666,Raleigh_WV,121.37478786680508
746,Kauai,Hawaii,22.04,-159.5961,73610,Kauai_HI,118.26039457618404
747,Somerset,Pennsylvania,39.9725,-79.0283,73255,Somerset_PA,68.165745445071
748,Vermilion,Illinois,40.1834,-87.7328,73179,Vermilion_IL,81.39320193976064
749,Lea,New Mexico,32.7921,-103.4125,73154,Lea_NM,16.652553175990676
750,Scioto,Ohio,38.8039,-82.9929,73118,Scioto_OH,119.42117039868032
751,Pottawatomie,Oklahoma,35.2066,-96.9484,73011,Pottawatomie_OK,92.68884092928779
752,Boone,Indiana,40.0508,-86.4687,72827,Boone_IN,172.22892278585786
753,Grand Forks,North Dakota,47.9219,-97.4569,72764,Grand Forks_ND,50.60752116065405
754,Christian,Kentucky,36.8941,-87.4904,72599,Christian_KY,100.6474241668053
755,Lewis and Clark,Montana,47.1224,-112.3904,72580,Lewis and Clark_MT,20.97106005270214
756,Wise,Texas,33.2159,-97.6545,72359,Wise_TX,79.98916660218215
757,Creek,Oklahoma,35.9026,-96.3708,72353,Creek_OK,75.72028089123314
758,Morgan,Indiana,39.4816,-86.4462,72202,Morgan_IN,177.63180554530467
759,Lauderdale,Mississippi,32.4043,-88.6625,71984,Lauderdale_MS,102.32121789313585
760,Franklin,North Carolina,36.0828,-78.2857,71962,Franklin_NC,146.2582821836511
761,DeKalb,Alabama,34.4598,-85.8041,71946,DeKalb_AL,92.48627733285342
762,Riley,Kansas,39.2966,-96.7352,71710,Riley_KS,117.64416372733984
763,Surry,North Carolina,36.4146,-80.688,71407,Surry_NC,133.09289495265787
764,McKinley,New Mexico,35.5807,-108.2618,71172,McKinley_NM,13.06215037660221
765,Franklin,Massachusetts,42.5831,-72.5918,70922,Franklin_MA,101.02417275615002
766,Greene,Tennessee,36.1753,-82.8458,70919,Greene_TN,114.07453875725844
767,Columbia,Florida,30.2242,-82.6215,70755,Columbia_FL,88.77109340693809
768,York,Virginia,37.2431,-76.5635,70590,York_VA,668.1495504022716
769,Portage,Wisconsin,44.476,-89.5014,70375,Portage_WI,87.2803264253203
770,Troup,Georgia,33.0335,-85.0284,69821,Troup_GA,168.69050495288718
771,Klamath,Oregon,42.6864,-121.6501,69812,Klamath_OR,11.74457747817617
772,Harrison,Texas,32.5481,-94.3715,69584,Harrison_TX,77.42653358703029
773,San Patricio,Texas,28.0092,-97.5188,69519,San Patricio_TX,100.51181956191716
774,Blue Earth,Minnesota,44.0346,-94.067,69386,Blue Earth_MN,92.2244670104737
775,Greenwood,South Carolina,34.1537,-82.1259,69329,Greenwood_SC,152.19748858447488
776,Ward,North Dakota,48.2217,-101.5418,69232,Ward_ND,34.394499423711295
777,Iberia,Louisiana,29.8967,-91.7308,69194,Iberia_LA,120.31019073948498
778,Carteret,North Carolina,34.8357,-76.6589,68652,Carteret_NC,132.06371191135733
779,Oldham,Kentucky,38.3994,-85.4483,68600,Oldham_KY,362.59844600665997
780,Walker,Georgia,34.7356,-85.301,68449,Walker_GA,153.27376953737294
781,Catoosa,Georgia,34.9036,-85.1382,68356,Catoosa_GA,421.3524009122851
782,Lincoln,South Dakota,43.2789,-96.7218,68286,Lincoln_SD,118.12347558338666
783,Otero,New Mexico,32.6132,-105.7414,68235,Otero_NM,10.297291179355618
784,Spalding,Georgia,33.2609,-84.2841,68215,Spalding_GA,344.6072240464764
785,Lake,California,39.1,-122.7534,68139,Lake_CA,54.16626919774873
786,Shiawassee,Michigan,42.9537,-84.1467,68061,Shiawassee_MI,126.33601247378093
787,Butler,Kansas,37.7812,-96.839,67916,Butler_KS,47.565220436320345
788,Laurens,South Carolina,34.4834,-82.0057,67904,Laurens_SC,94.95602075205213
789,Allegany,Maryland,39.6214,-78.6976,67762,Allegany_MD,159.28259132151754
790,McCracken,Kentucky,37.054,-88.7128,67584,McCracken_KY,269.23751095530235
791,Madison,New York,42.9128,-75.6696,67572,Madison_NY,103.02808526209861
792,Rice,Minnesota,44.3543,-93.2967,67389,Rice_MN,135.4362200293426
793,Effingham,Georgia,32.3674,-81.3414,67265,Effingham_GA,140.30787843390834
794,Aroostook,Maine,46.6589,-68.5989,67227,Aroostook_ME,10.076683944036908
795,Montcalm,Michigan,43.311,-85.1525,67174,Montcalm_MI,94.87317100728772
796,Crow Wing,Minnesota,46.4824,-94.0709,67113,Crow Wing_MN,67.3439898853066
797,Mason,Washington,47.3483,-123.193,66968,Mason_WA,69.68139346138639
798,Kershaw,South Carolina,34.3388,-80.5902,66924,Kershaw_SC,92.14881722798998
799,Williamson,Illinois,37.7303,-88.9299,66902,Williamson_IL,158.00760492194325
800,St. Francois,Missouri,37.8103,-90.4723,66864,St. Francois_MO,148.7651848885329
801,Jones,Mississippi,31.6225,-89.1688,66839,Jones_MS,96.3347842379868
802,Liberty,Georgia,31.8282,-81.4949,66826,Liberty_GA,128.74674886812446
803,Ionia,Michigan,42.9451,-85.0746,66706,Ionia_MI,116.37270808255263
804,Chippewa,Wisconsin,45.0694,-91.2799,66558,Chippewa_WI,65.87096582643034
805,Muskogee,Oklahoma,35.6162,-95.3795,66471,Muskogee_OK,81.67475579037907
806,Marquette,Michigan,46.4313,-87.6416,66430,Marquette_MI,36.478954449356145
807,Wayne,Indiana,39.8644,-85.0099,66377,Wayne_IN,164.47456451173278
808,Grant,Indiana,40.5158,-85.6547,66377,Grant_IN,160.31930053377775
809,San Benito,California,36.6057,-121.075,66056,San Benito_CA,47.55446129036903
810,Wilkes,North Carolina,36.2062,-81.163,65983,Wilkes_NC,87.14193267211664
811,Belmont,Ohio,40.0158,-80.9885,65982,Belmont_OH,122.79147669116962
812,Starr,Texas,26.5621,-98.7387,65809,Starr_TX,53.80860492878285
813,Jefferson,Arkansas,34.2683,-91.9304,65780,Jefferson_AR,74.34280418616216
814,Sauk,Wisconsin,43.4267,-89.9482,65759,Sauk_WI,78.50602294569201
815,Apache,Arizona,35.3955,-109.4888,65680,Apache_AZ,5.861731674056305
816,Clay,Minnesota,46.8923,-96.4906,65628,Clay_MN,62.787493781332515
817,Warren,New York,43.561,-73.846,65560,Warren_NY,75.4178697557777
818,Tehama,California,40.1256,-122.2341,65520,Tehama_CA,22.202718409754016
819,Pulaski,Kentucky,37.1039,-84.5772,65503,Pulaski_KY,99.00695284159613
820,Harrison,West Virginia,39.2835,-80.3799,65407,Harrison_WV,157.21324872608403
821,Union,Ohio,40.2994,-83.3716,65293,Union_OH,149.53166151379824
822,Carbon,Pennsylvania,40.9182,-75.7089,65191,Carbon_PA,171.08702498425362
823,Adams,Illinois,39.9879,-91.1885,65166,Adams_IL,76.07251672250564
824,Marion,Ohio,40.5872,-83.1609,65145,Marion_OH,161.31388668779715
825,Lamar,Mississippi,31.206,-89.5087,65081,Lamar_MS,130.92924537791458
826,Armstrong,Pennsylvania,40.8121,-79.4646,65069,Armstrong_PA,99.50453412444757
827,Columbia,Pennsylvania,41.0486,-76.4052,65055,Columbia_PA,133.98208217485325
828,Salem,New Jersey,39.5876,-75.3491,64973,Salem_NJ,192.29608144903517
829,Hamblen,Tennessee,36.2171,-83.2667,64930,Hamblen_TN,403.21679190213
830,Nacogdoches,Texas,31.616,-94.6159,64897,Nacogdoches_TX,68.54568691445652
831,Walker,Alabama,33.8033,-87.2973,64886,Walker_AL,81.6802829844283
832,Jefferson,Ohio,40.385,-80.761,64855,Jefferson_OH,158.33353677888724
833,Rutherford,North Carolina,35.4026,-81.9198,64850,Rutherford_NC,114.95781039495142
834,Coos,Oregon,43.1742,-124.0594,64832,Coos_OR,40.507847645706285
835,Warrick,Indiana,38.0922,-87.2721,64650,Warrick_IN,168.32869008253704
836,Lee,North Carolina,35.4752,-79.1715,64565,Lee_NC,250.9717795226619
837,Isabella,Michigan,43.6406,-84.8468,64475,Isabella_MI,112.27297264353005
838,Chaves,New Mexico,33.3633,-104.4669,64446,Chaves_NM,10.615629416590071
839,Belknap,New Hampshire,43.5179,-71.4227,64300,Belknap_NH,160.23324777592265
840,Georgetown,South Carolina,33.4343,-79.3327,64200,Georgetown_SC,78.78944074224071
841,Hood,Texas,32.4299,-97.8323,64198,Hood_TX,152.2686843291193
842,Pope,Arkansas,35.4479,-93.0345,63830,Pope_AR,78.61805641088804
843,Stanly,North Carolina,35.3119,-80.251,63557,Stanly_NC,160.87936009720042
844,Pender,North Carolina,34.5249,-77.9052,63475,Pender_NC,72.90362594323912
845,Barry,Michigan,42.595,-85.309,62982,Barry_MI,113.24846261732658
846,Knox,Ohio,40.3988,-82.4215,62888,Knox_OH,119.30490210957656
847,Darlington,South Carolina,34.3325,-79.9577,62754,Darlington_SC,111.83305413978687
848,Laurel,Kentucky,37.1107,-84.1178,62731,Laurel_KY,143.9874216723667
849,Cumberland,Tennessee,35.9504,-84.9984,62529,Cumberland_TN,91.73721042825076
850,Haywood,North Carolina,35.556,-82.9822,62432,Haywood_NC,112.76234512155474
851,Hall,Nebraska,40.8726,-98.5022,62431,Hall_NE,114.25878477306003
852,Garfield,Oklahoma,36.3791,-97.7827,62322,Garfield_OK,58.88377630174132
853,Walla Walla,Washington,46.2298,-118.4784,62102,Walla Walla_WA,48.879583789187016
854,Garfield,Colorado,39.5993,-107.904,62034,Garfield_CO,21.04945267486919
855,Reno,Kansas,37.953,-98.086,61693,Reno_KS,49.18049775992092
856,Lincoln,Missouri,39.058,-90.96,61636,Lincoln_MO,97.75888594585163
857,Livingston,New York,42.728,-77.7755,61588,Livingston_NY,97.42932624618354
858,Athens,Ohio,39.3339,-82.0452,61573,Athens_OH,121.50327571236878
859,Granville,North Carolina,36.304,-78.6527,61439,Granville_NC,115.67818948636842
860,Tipton,Tennessee,35.4973,-89.7566,61339,Tipton_TN,133.5285282016675
861,Van Zandt,Texas,32.5637,-95.8365,61323,Van Zandt_TX,72.26032239819004
862,Columbia,New York,42.2501,-73.6318,61245,Columbia_NY,96.33806804775612
863,Eddy,New Mexico,32.4714,-104.3044,61114,Eddy_NM,14.613512130501526
864,Washington,New York,43.3137,-73.4308,60883,Washington_NY,72.87537106195538
865,St. Joseph,Michigan,41.9144,-85.5278,60870,St. Joseph_MI,120.84094338124355
866,Crawford,Arkansas,35.5881,-94.2428,60792,Crawford_AR,102.10450293085205
867,Lyon,Nevada,39.0206,-119.189,60630,Lyon_NV,30.410946536322097
868,Rutland,Vermont,43.5801,-73.0363,60484,Rutland_VT,64.86011173903253
869,Otter Tail,Minnesota,46.4088,-95.708,60281,Otter Tail_MN,30.449409256911366
870,Iron,Utah,37.8592,-113.2895,60201,Iron_UT,18.253900872655382
871,Pittsylvania,Virginia,36.8213,-79.3971,60148,Pittsylvania_VA,61.95970167703655
872,Bradford,Pennsylvania,41.7887,-76.5154,59971,Bradford_PA,52.11833105929588
873,Washington,Vermont,44.2736,-72.6148,59958,Washington_VT,87.00030471436656
874,Herkimer,New York,43.4193,-74.9624,59932,Herkimer_NY,42.46731620903454
875,Kenai Peninsula,Alaska,60.2654,-151.5651,59843,Kenai Peninsula_AK,3.737090386342319
876,Otsego,New York,42.6338,-75.0326,59738,Otsego_NY,59.57120063821301
877,Box Elder,Utah,41.521,-113.0821,59725,Box Elder_UT,10.435340203447637
878,Pike,Pennsylvania,41.332,-75.0338,59691,Pike_PA,109.16223185384321
879,Newton,Missouri,36.9055,-94.3393,59490,Newton_MO,94.96823217649501
880,Waller,Texas,30.0108,-95.9876,59455,Waller_TX,115.75453147207133
881,Pickaway,Ohio,39.6419,-83.0244,59407,Pickaway_OH,118.36185770357235
882,Washington,Ohio,39.4553,-81.4953,59318,Washington_OH,93.39211209950406
883,Blount,Alabama,33.9809,-86.5674,59292,Blount_AL,91.84157127588716
884,Autauga,Alabama,32.5349,-86.6427,59285,Autauga_AL,99.47648371562326
885,Sampson,North Carolina,34.9916,-78.3714,59245,Sampson_NC,62.66328203500978
886,Mercer,West Virginia,37.4055,-81.1114,59062,Mercer_WV,140.4799847774897
887,Coffee,Tennessee,35.4906,-86.0748,58940,Coffee_TN,137.440537263315
888,Russell,Alabama,32.2884,-85.1849,58858,Russell_AL,91.77633630636811
889,Sandusky,Ohio,41.3561,-83.1465,58770,Sandusky_OH,143.62872085634683
890,Oxford,Maine,44.4999,-70.7566,58728,Oxford_ME,28.261790182868143
891,Jefferson,West Virginia,39.3076,-77.8628,58546,Jefferson_WV,279.4158354412256
892,Huron,Ohio,41.1463,-82.598,58412,Huron_OH,118.55730784063002
893,Gordon,Georgia,34.5032,-84.8759,58336,Gordon_GA,164.07717837655397
894,Columbia,Wisconsin,43.4666,-89.3337,58322,Columbia_WI,75.37187092105094
895,Scott,Kentucky,38.2916,-84.5839,58269,Scott_KY,204.65369485810618
896,Lowndes,Mississippi,33.4729,-88.4433,58187,Lowndes_MS,115.8411307983277
897,Windsor,Vermont,43.5799,-72.5862,57968,Windsor_VT,59.70173848562248
898,Genesee,New York,43.0009,-78.1937,57943,Genesee_NY,117.26741009087046
899,Anderson,Texas,31.8133,-95.6525,57825,Anderson_TX,54.00218530244025
900,Maverick,Texas,28.7426,-100.3145,57770,Maverick_TX,45.129991875507784
901,Colbert,Alabama,34.7005,-87.8049,57648,Colbert_AL,96.96398836055371
902,Pike,Kentucky,37.4691,-82.3958,57466,Pike_KY,72.9550965481344
903,Hawkins,Tennessee,36.4412,-82.9447,57446,Hawkins_TN,118.04134303209632
904,Chisago,Minnesota,45.5025,-92.9083,57434,Chisago_MN,137.52364533199244
905,Lawrence,Ohio,38.5984,-82.5368,57385,Lawrence_OH,126.1319676455073
906,Putnam,West Virginia,38.5086,-81.909,57250,Putnam_WV,165.35251133639488
907,Acadia,Louisiana,30.2906,-92.412,57218,Acadia_LA,87.3183982419729
908,Hardin,Texas,30.3324,-94.3902,57126,Hardin_TX,63.87575056187313
909,Vermilion,Louisiana,29.8465,-92.3242,57031,Vermilion_LA,48.58746954284449
910,Loudon,Tennessee,35.7348,-84.3119,56996,Loudon_TN,249.02132121635793
911,Lafayette,Mississippi,34.3568,-89.4849,56920,Lafayette_MS,90.1902996308092
912,Pearl River,Mississippi,30.7688,-89.5896,56781,Pearl River_MS,69.9850862164594
913,Carter,Tennessee,36.2928,-82.1275,56462,Carter_TN,165.55343791232957
914,Taney,Missouri,36.6548,-93.0411,56382,Taney_MO,89.16123726990955
915,Cherokee,South Carolina,35.0481,-81.6206,56299,Cherokee_SC,143.36754182688634
916,La Plata,Colorado,37.2866,-107.8433,56088,La Plata_CO,33.145997695239785
917,Hancock,Maine,44.6647,-68.3584,56084,Hancock_ME,35.3240536625307
918,Marion,West Virginia,39.51,-80.2434,56042,Marion_WV,180.96160676805837
919,Camden,Georgia,30.9306,-81.6699,56036,Camden_GA,88.95874013747996
920,Grady,Oklahoma,35.0169,-97.8841,55868,Grady_OK,50.74480453422468
921,Jefferson,Tennessee,36.051,-83.4463,55835,Jefferson_TN,203.9187757934334
922,Campbell,Virginia,37.2053,-79.0966,55398,Campbell_VA,109.81208372978115
923,Eagle,Colorado,39.6278,-106.6953,55374,Eagle_CO,32.80683460909543
924,Dickson,Tennessee,36.149,-87.3567,55197,Dickson_TN,112.67683262906485
925,Whiteside,Illinois,41.7562,-89.9141,55192,Whiteside_IL,80.59932532091068
926,Franklin,Virginia,36.992,-79.8811,54958,Franklin_VA,79.40989480984857
927,Franklin,Virginia,36.992,-79.8811,54958,Franklin_VA,6581.796407185629
928,Lenoir,North Carolina,35.2388,-77.6413,54917,Lenoir_NC,137.34400400150056
929,Tuolumne,California,38.0276,-119.9548,54873,Tuolumne_CA,24.547174791201616
930,Seneca,Ohio,41.1239,-83.1277,54861,Seneca_OH,99.64038576799433
931,Watauga,North Carolina,36.2311,-81.6964,54607,Watauga_NC,174.7368084221305
932,Roane,Tennessee,35.8479,-84.5232,54403,Roane_TN,150.70918056402016
933,Johnson,Missouri,38.7441,-93.8064,54331,Johnson_MO,65.42435335484802
934,Coffee,Alabama,31.4027,-85.9882,54231,Coffee_AL,79.87010117969336
935,McMinn,Tennessee,35.4248,-84.6175,54135,McMinn_TN,125.81342381704937
936,Washington,Virginia,36.7244,-81.9598,53913,Washington_VA,95.78403155313933
937,Elko,Nevada,41.1458,-115.3577,53852,Elko_NV,3.134752078551583
938,Pulaski,Missouri,37.8246,-92.2076,53850,Pulaski_MO,98.44247011078205
939,Saline,Kansas,38.7838,-97.65,53801,Saline_KS,74.76410833646003
940,Jessamine,Kentucky,37.872,-84.5809,53792,Jessamine_KY,310.7029399872928
941,Navarro,Texas,32.047,-96.4725,53735,Navarro_TX,53.32651886549034
942,Gila,Arizona,33.7997,-110.8116,53610,Gila_AZ,11.244415546280177
943,Madison,Idaho,43.7841,-111.6592,53578,Madison_ID,113.62826603325416
944,Culpeper,Virginia,38.486,-77.9558,53563,Culpeper_VA,140.58530183727035
945,Warren,Iowa,41.3343,-93.5615,53484,Warren_IA,93.5623819186901
946,Boone,Illinois,42.3231,-88.8234,53316,Boone_IL,189.55452056742632
947,Worcester,Maryland,38.2128,-75.334,53279,Worcester_MD,112.5834671625391
948,Nye,Nevada,38.0422,-116.4718,53207,Nye_NV,2.9320547142008504
949,Columbia,Oregon,45.9438,-123.0883,53178,Columbia_OR,80.97514922645877
950,Kerr,Texas,30.0615,-99.35,53166,Kerr_TX,48.06530936968865
951,Hoke,North Carolina,35.0175,-79.2373,53102,Hoke_NC,135.73783901229518
952,Tuscola,Michigan,43.4641,-83.4167,53071,Tuscola_MI,65.32378174119617
953,Grundy,Illinois,41.2851,-88.4185,52920,Grundy_IL,126.03000714455824
954,Washington,Oklahoma,36.7152,-95.9044,52895,Washington_OK,126.9013003214817
955,Jackson,Alabama,34.7795,-85.9994,52839,Jackson_AL,48.98214583680961
956,Fulton,New York,43.1138,-74.4222,52787,Fulton_NY,106.38893927484531
957,Jackson,Illinois,37.7851,-89.3821,52706,Jackson_IL,89.61776508195607
958,Calumet,Wisconsin,44.0816,-88.2181,52626,Calumet_WI,164.53851925962982
959,Rusk,Texas,32.1077,-94.7618,52613,Rusk_TX,56.968220453684154
960,Medina,Texas,29.3557,-99.1101,52419,Medina_TX,39.4792733626559
961,Ashland,Ohio,40.846,-82.2707,52296,Ashland_OH,123.23208520866226
962,St. Charles,Louisiana,29.9055,-90.3582,51863,St. Charles_LA,182.84797630799605
963,Polk,Texas,30.7927,-94.83,51780,Polk_TX,48.97565404914591
964,Waupaca,Wisconsin,44.4705,-88.9648,51714,Waupaca_WI,68.85193518752746
965,Grant,Wisconsin,42.8675,-90.7062,51678,Grant_WI,45.021562050790614
966,Darke,Ohio,40.1332,-84.6193,51655,Darke_OH,86.12037345781928
967,Cass,Michigan,41.9154,-85.9935,51606,Cass_MI,104.85188345727173
968,Franklin,Kentucky,38.2392,-84.877,51563,Franklin_KY,245.00142544901644
969,St. Martin,Louisiana,30.1291,-91.6083,51559,St. Martin_LA,69.68845036155977
970,Ogle,Illinois,42.0426,-89.3207,51536,Ogle_IL,67.91507979389323
971,Wilson,Texas,29.174,-98.0866,51501,Wilson_TX,63.81863467948797
972,Harrisonburg,Virginia,38.4362,-78.8735,51492,Harrisonburg_VA,2932.346241457859
973,Oktibbeha,Mississippi,33.4249,-88.8793,51473,Oktibbeha_MS,112.45766970352408
974,Bedford,Tennessee,35.5138,-86.4589,51291,Bedford_TN,108.28424852745582
975,Carroll,New Hampshire,43.8738,-71.2031,51259,Carroll_NH,54.892910687513385
976,Wayne,Pennsylvania,41.6487,-75.3033,51189,Wayne_PA,70.19692273936535
977,Cherokee,Texas,31.837,-95.1652,51143,Cherokee_TX,48.60485449810876
978,Burnet,Texas,30.7884,-98.1823,51064,Burnet_TX,51.267017388859884
979,Queen Anne's,Maryland,39.068,-76.02,50951,Queen Anne's_MD,136.88777840466403
980,Logan,Oklahoma,35.9193,-97.4433,50905,Logan_OK,68.37934045268318
981,Somerset,Maine,45.5139,-69.9589,50852,Somerset_ME,12.950974150006367
982,Dearborn,Indiana,39.1452,-84.9732,50828,Dearborn_IN,166.53451721765342
983,Lincoln,Oregon,44.642,-123.8682,50632,Lincoln_OR,51.687985544677765
984,Gibson,Tennessee,35.9966,-88.9326,50610,Gibson_TN,83.9763054407885
985,Bristol,Rhode Island,41.7173,-71.284,50568,Bristol_RI,2048.9465153970827
986,Columbus,North Carolina,34.2657,-78.655,50453,Columbus_NC,53.8567463706234
987,Lamar,Texas,33.6673,-95.5712,50421,Lamar_TX,54.99612787818632
988,Newaygo,Michigan,43.5542,-85.8009,50414,Newaygo_MI,59.84781034462291
989,Franklin,Vermont,44.8576,-72.9131,50379,Franklin_VT,79.0792220635095
990,Henry,Virginia,36.6828,-79.874,50365,Henry_VA,131.72485942199555
991,Buffalo,Nebraska,40.8552,-99.075,50323,Buffalo_NE,51.98710730482753
992,Venango,Pennsylvania,41.401,-79.758,50096,Venango_PA,74.21189855415976
993,Atascosa,Texas,28.8935,-98.5272,50058,Atascosa_TX,40.627536278933874
994,Winona,Minnesota,43.9869,-91.7792,49705,Winona_MN,79.36292511575923
995,Douglas,Nevada,38.9123,-119.6162,49624,Douglas_NV,69.9077269845742
996,Laurens,Georgia,32.4636,-82.9222,49619,Laurens_GA,61.08683073362306
997,Dale,Alabama,31.4318,-85.611,49516,Dale_AL,88.25280268059244
998,Montgomery,New York,42.9023,-74.4397,49461,Montgomery_NY,122.18022824959242
999,Bonner,Idaho,48.3,-116.6011,49456,Bonner_ID,28.461100208900422
1000,Fremont,Colorado,38.4731,-105.4395,49394,Fremont_CO,32.221954035735486
1001,Knox,Illinois,40.9318,-90.2132,49294,Knox_IL,68.81945607862848
1002,Chambers,Texas,29.7384,-94.61,49178,Chambers_TX,82.0576996879745
1003,Duplin,North Carolina,34.9365,-77.933,49053,Duplin_NC,59.98679270663911
1004,Bingham,Idaho,43.2166,-112.3981,48993,Bingham_ID,23.388694485685505
1005,Henry,Illinois,41.3531,-90.1314,48948,Henry_IL,59.459919097192696
1006,Henry,Indiana,39.9311,-85.3964,48896,Henry_IN,124.43946758964701
1007,Edgecombe,North Carolina,35.9129,-77.5971,48777,Edgecombe_NC,96.58238124467854
1008,Le Flore,Oklahoma,34.9003,-94.7034,48728,Le Flore_OK,30.727320881310618
1009,Shelby,Kentucky,38.2155,-85.1948,48599,Shelby_KY,126.49730602045862
1010,St. Mary,Louisiana,29.7207,-91.4486,48455,St. Mary_LA,79.07276554774067
1011,Carter,Oklahoma,34.2509,-97.2858,48255,Carter_OK,58.576821762827905
1012,Halifax,North Carolina,36.2574,-77.6517,48219,Halifax_NC,66.47595676629535
1013,Santa Cruz,Arizona,31.526,-110.8465,48209,Santa Cruz_AZ,38.952675678514574
1014,Lincoln,Louisiana,32.6016,-92.6649,48160,Lincoln_LA,102.16810216810217
1015,Tioga,New York,42.1703,-76.3063,48106,Tioga_NY,92.7451849852513
1016,Boyd,Kentucky,38.3596,-82.6878,48043,Boyd_KY,299.95005306861464
1017,Shelby,Ohio,40.3316,-84.2048,48007,Shelby_OH,117.29909350795319
1018,Curry,New Mexico,34.5742,-103.347,47932,Curry_NM,34.092250791279916
1019,Goodhue,Minnesota,44.4097,-92.7229,47844,Goodhue_MN,63.09625858862938
1020,Vernon,Louisiana,31.1083,-93.1843,47764,Vernon_LA,35.95576666842315
1021,Jackson,Florida,30.7954,-85.2155,47652,Jackson_FL,52.04228736184527
1022,Val Verde,Texas,29.8929,-101.1517,47647,Val Verde_TX,15.028797809726278
1023,Cherokee,Oklahoma,35.9067,-94.9997,47621,Cherokee_OK,63.40674265019174
1024,Crittenden,Arkansas,35.2057,-90.3078,47609,Crittenden_AR,78.02579608961437
1025,Greene,New York,42.2765,-74.1227,47554,Greene_NY,73.41412582014667
1026,Bedford,Pennsylvania,40.0065,-78.4903,47503,Bedford_PA,46.82358971326059
1027,Stevens,Washington,48.3991,-117.8552,47470,Stevens_WA,19.154258967840857
1028,Noble,Indiana,41.3986,-85.4175,47417,Noble_IN,115.33896037556858
1029,Bryan,Oklahoma,33.9623,-96.2598,47237,Bryan_OK,51.97733274647888
1030,Caldwell,Texas,29.8368,-97.6199,47184,Caldwell_TX,86.46033752954757
1031,Nelson,Kentucky,37.8052,-85.466,47102,Nelson_KY,111.4497314435795
1032,Franklin,New York,44.5929,-74.3038,47066,Franklin_NY,28.848475933042803
1033,Monroe,Tennessee,35.4427,-84.2527,47054,Monroe_TN,74.11129136413035
1034,Whitman,Washington,46.9012,-117.523,47042,Whitman_WA,21.78505767886004
1035,Allegany,New York,42.2574,-78.0276,47027,Allegany_NY,45.64753159519326
1036,Campbell,Wyoming,44.2482,-105.5482,47018,Campbell_WY,9.80203303896797
1037,Kendall,Texas,29.9447,-98.7115,46971,Kendall_TX,70.90604432099511
1038,Habersham,Georgia,34.631,-83.5311,46948,Habersham_GA,168.7744904195276
1039,Barron,Wisconsin,45.4237,-91.8483,46741,Barron_WI,54.1711093597886
1040,Coles,Illinois,39.5203,-88.2218,46689,Coles_IL,91.8550433807472
1041,Chenango,New York,42.4935,-75.6116,46685,Chenango_NY,52.19933807415359
1042,Bryan,Georgia,32.0145,-81.4436,46681,Bryan_GA,105.68246134341537
1043,Beltrami,Minnesota,47.9738,-94.9377,46421,Beltrami_MN,18.529340150961772
1044,Cortland,New York,42.595,-76.0703,46401,Cortland_NY,92.86700690483339
1045,Clinton,Iowa,41.898,-90.532,46383,Clinton_IA,66.7400500733834
1046,Jackson,Indiana,38.9064,-86.0375,46319,Jackson_IN,90.94461133690679
1047,Marshall,Indiana,41.3248,-86.2618,46225,Marshall_IN,104.04708848222928
1048,Auglaize,Ohio,40.5609,-84.2217,46209,Auglaize_OH,115.16261682242991
1049,Greene,Arkansas,36.1176,-90.5591,46182,Greene_AR,79.9674464511437
1050,Monroe,Wisconsin,43.9457,-90.6178,46169,Monroe_WI,51.255037356927964
1051,Logan,Ohio,40.3885,-83.7658,46140,Logan_OH,100.64566791728471
1052,Wood,Texas,32.7864,-95.3821,46094,Wood_TX,70.88985266525175
1053,Mifflin,Pennsylvania,40.6104,-77.617,46074,Mifflin_PA,111.86811052299325
1054,Hancock,Mississippi,30.4165,-89.489,46057,Hancock_MS,96.57985237376279
1055,Calaveras,California,38.2046,-120.5541,45995,Calaveras_CA,45.091368965922904
1056,Perry,Pennsylvania,40.3984,-77.2623,45988,Perry_PA,83.08281543575661
1057,Osage,Oklahoma,36.6292,-96.3985,45963,Osage_OK,20.420739292695927
1058,Windham,Vermont,42.9906,-72.7139,45913,Windham_VT,58.212039760624805
1059,Colquitt,Georgia,31.1884,-83.7688,45907,Colquitt_GA,83.1241964980897
1060,Charlottesville,Virginia,38.0375,-78.4855,45863,Charlottesville_VA,4470.077972709551
1061,Ravalli,Montana,46.0817,-114.1207,45807,Ravalli_MT,19.13240693172278
1062,Thomas,Georgia,30.8637,-83.9193,45696,Thomas_GA,83.34123654933431
1063,Hillsdale,Michigan,41.8878,-84.5929,45658,Hillsdale_MI,76.24407187228641
1064,Chilton,Alabama,32.8479,-86.7188,45500,Chilton_AL,65.5638491022796
1065,Dunn,Wisconsin,44.9466,-91.8964,45349,Dunn_WI,53.22465171414152
1066,Polk,Wisconsin,45.4614,-92.4414,45327,Polk_WI,49.41511223521973
1067,Washington,Louisiana,30.8533,-90.0405,45238,Washington_LA,67.56276416207416
1068,Hopkins,Kentucky,37.3088,-87.5408,45143,Hopkins_KY,81.99469630921244
1069,Itasca,Minnesota,47.5095,-93.6319,45141,Itasca_MN,16.938080193316473
1070,Shelby,Indiana,39.5237,-85.7917,45104,Shelby_IN,109.30593253198914
1071,Lawrence,Indiana,38.8412,-86.4835,45077,Lawrence_IN,100.43223492190808
1072,Phelps,Missouri,37.8772,-91.7923,44948,Phelps_MO,66.80240766887121
1073,Branch,Michigan,41.9161,-85.059,44914,Branch_MI,88.51619006326244
1074,Lawrence,Tennessee,35.2173,-87.3956,44901,Lawrence_TN,72.75305021306934
1075,Stokes,North Carolina,36.4019,-80.2397,44889,Stokes_NC,99.3471140226629
1076,Kittitas,Washington,47.1244,-120.6798,44736,Kittitas_WA,19.474227208023716
1077,McDowell,North Carolina,35.6817,-82.0493,44679,McDowell_NC,101.15694620539757
1078,Barren,Kentucky,36.9656,-85.9337,44670,Barren_KY,90.983155793633
1079,Shenandoah,Virginia,38.8583,-78.5708,44630,Shenandoah_VA,87.13393205778992
1080,Beaufort,North Carolina,35.494,-76.8598,44597,Beaufort_NC,53.86306267135282
1081,Macoupin,Illinois,39.261,-89.9245,44566,Macoupin_IL,51.60670240976412
1082,Delaware,New York,42.1981,-74.9665,44551,Delaware_NY,30.801938646404448
1083,Callaway,Missouri,38.8355,-91.926,44541,Callaway_MO,53.098326260073435
1084,Henderson,Kentucky,37.7958,-87.5729,44493,Henderson_KY,101.09288375897482
1085,Suwannee,Florida,30.1956,-82.9915,44484,Suwannee_FL,64.6908265953115
1086,Holmes,Ohio,40.5612,-81.9293,44312,Holmes_OH,104.75897775361119
1087,Levy,Florida,29.3184,-82.7434,44276,Levy_FL,39.58940610525939
1088,Douglas,Wisconsin,46.4329,-91.9162,44197,Douglas_WI,33.760589093520124
1089,St. Bernard,Louisiana,29.8691,-89.5549,44172,St. Bernard_LA,94.98537760192671
1090,Madison,Ohio,39.8942,-83.4005,44126,Madison_OH,94.80491577861808
1091,Jefferson,Pennsylvania,41.1282,-78.9994,44099,Jefferson_PA,67.27741502410447
1092,Stephenson,Illinois,42.3518,-89.6623,44042,Stephenson_IL,78.06373852316638
1093,Huntingdon,Pennsylvania,40.4169,-77.9812,43844,Huntingdon_PA,50.16189005205652
1094,Siskiyou,California,41.5927,-122.5404,43834,Siskiyou_CA,6.972408768876914
1095,McClain,Oklahoma,35.0093,-97.4443,43779,McClain_OK,76.84975512138607
1096,Kandiyohi,Minnesota,45.1524,-95.0047,43757,Kandiyohi_MN,54.96696228927468
1097,Douglas,Washington,47.7361,-119.6918,43733,Douglas_WA,24.022125425013595
1098,Kay,Oklahoma,36.818,-97.1439,43731,Kay_OK,47.600957875258516
1099,Brown,Ohio,38.9338,-83.8673,43710,Brown_OH,88.88482186432407
1100,Washington,Mississippi,33.2839,-90.9474,43674,Washington_MS,60.324037624829074
1101,Baldwin,Georgia,33.0693,-83.2495,43669,Baldwin_GA,168.96498355581352
1102,Gadsden,Florida,30.5795,-84.6136,43642,Gadsden_FL,84.55621645709414
1103,Pittsburg,Oklahoma,34.9239,-95.7484,43629,Pittsburg_OK,33.4081198217376
1104,Warren,Mississippi,32.3573,-90.852,43623,Warren_MS,74.36456930498969
1105,DeKalb,Indiana,41.3976,-84.9991,43584,DeKalb_IN,120.1058201058201
1106,Chesterfield,South Carolina,34.6398,-80.1587,43575,Chesterfield_SC,54.56423741547708
1107,Dubois,Indiana,38.3643,-86.8798,43563,Dubois_IN,101.28810249017648
1108,Sullivan,New Hampshire,43.3613,-72.2221,43529,Sullivan_NH,81.00227027429379
1109,Davie,North Carolina,35.9291,-80.5445,43526,Davie_NC,164.13756693566634
1110,Franklin,Tennessee,35.1551,-86.0922,43478,Franklin_TN,78.40654980884369
1111,Camden,Missouri,38.027,-92.766,43416,Camden_MO,66.26980492719113
1112,Highland,Ohio,39.1847,-83.601,43403,Highland_OH,78.44671775592829
1113,Polk,Georgia,34.0018,-85.1881,43365,Polk_GA,139.37455807675002
1114,Stephens,Oklahoma,34.4856,-97.8515,43314,Stephens_OK,49.55608438973045
1115,Montrose,Colorado,38.4022,-108.2692,43272,Montrose_CO,19.312597908605245
1116,Erath,Texas,32.2363,-98.2179,43244,Erath_TX,39.80742499976987
1117,Pettis,Missouri,38.7283,-93.2851,43205,Pettis_MO,63.08957098215589
1118,Coffee,Georgia,31.5493,-82.8492,43161,Coffee_GA,72.06712305894139
1119,Jackson,North Carolina,35.2876,-83.1408,43089,Jackson_NC,87.8095005196552
1120,Prince George,Virginia,37.1865,-77.2242,42873,Prince George_VA,161.40727354867857
1121,Richmond,North Carolina,35.0059,-79.7479,42818,Richmond_NC,90.33714502721634
1122,Okanogan,Washington,48.5488,-119.7408,42811,Okanogan_WA,8.126505532386624
1123,Oconee,Georgia,33.835,-83.4371,42788,Oconee_GA,230.41464728056005
1124,Cerro Gordo,Iowa,43.0816,-93.2608,42785,Cerro Gordo_IA,75.2819664631464
1125,Muscatine,Iowa,41.4839,-91.1127,42735,Muscatine_IA,97.4194724964096
1126,Summit,Utah,40.8683,-110.9557,42709,Summit_UT,22.82622057133695
1127,Manassas,Virginia,38.7479,-77.4838,42674,Manassas_VA,4297.482376636455
1128,Fayette,Tennessee,35.197,-89.4141,42653,Fayette_TN,60.543647977288856
1129,Miller,Arkansas,33.3124,-93.8921,42588,Miller_AR,68.25218757011443
1130,Union,Pennsylvania,40.963,-77.0622,42570,Union_PA,134.40469800776685
1131,Nez Perce,Idaho,46.3268,-116.7502,42477,Nez Perce_ID,50.02708814246007
1132,Cooke,Texas,33.6393,-97.2126,42473,Cooke_TX,48.616134792362985
1133,Mercer,Ohio,40.54,-84.6294,42438,Mercer_OH,91.60532734690354
1134,Fulton,Ohio,41.6018,-84.1301,42434,Fulton_OH,104.31682973597523
1135,Vance,North Carolina,36.3649,-78.4079,42361,Vance_NC,167.09135373934996
1136,Pierce,Wisconsin,44.7194,-92.4224,42351,Pierce_WI,73.46354663567452
1137,Danville,Virginia,36.5831,-79.4088,42239,Danville_VA,980.9335810496981
1138,Butler,Missouri,36.7164,-90.4066,42166,Butler_MO,60.449579952404164
1139,Baxter,Arkansas,36.2872,-92.3369,42150,Baxter_AR,76.03362435962191
1140,Clinton,Ohio,39.4149,-83.8084,42014,Clinton_OH,102.25369937694704
1141,Isanti,Minnesota,45.5615,-93.2951,41934,Isanti_MN,95.50641127838387
1142,Marinette,Wisconsin,45.3834,-88.0337,41907,Marinette_WI,29.895987900924553
1143,Ohio,West Virginia,40.0969,-80.6189,41904,Ohio_WV,394.65059333207756
1144,Upshur,Texas,32.7363,-94.9415,41864,Upshur_TX,71.24089578653597
1145,Sweetwater,Wyoming,41.6595,-108.8796,41786,Sweetwater_WY,4.008134058492322
1146,Crawford,Ohio,40.8508,-82.9198,41767,Crawford_OH,103.86958792370247
1147,Wharton,Texas,29.2779,-96.2221,41651,Wharton_TX,38.20736976323924
1148,Warren,Tennessee,35.6787,-85.7785,41587,Warren_TN,96.11269037879313
1149,Cheatham,Tennessee,36.2611,-87.0868,41500,Cheatham_TN,137.11755765545496
1150,Gratiot,Michigan,43.2927,-84.6049,41478,Gratiot_MI,72.75182853033519
1151,Benton,Minnesota,45.6991,-93.9988,41458,Benton_MN,101.54305868521604
1152,Clatsop,Oregon,45.995,-123.6557,41343,Clatsop_OR,49.97763620758435
1153,St. John the Baptist,Louisiana,30.1264,-90.4709,41342,St. John the Baptist_LA,188.86249428962995
1154,Tift,Georgia,31.4574,-83.5266,41322,Tift_GA,155.90265987549517
1155,Warren,Virginia,38.9087,-78.2085,41104,Warren_VA,192.34440804866637
1156,Tioga,Pennsylvania,41.7722,-77.2543,41078,Tioga_PA,36.232612703200935
1157,Tallapoosa,Alabama,32.8624,-85.7975,41070,Tallapoosa_AL,57.206134302787184
1158,Amador,California,38.4464,-120.6511,41029,Amador_CA,69.1923706089684
1159,Delaware,Oklahoma,36.4082,-94.8026,41017,Delaware_OK,55.379734017417135
1160,Shawano,Wisconsin,44.7892,-88.7654,40927,Shawano_WI,45.85606883956482
1161,Knox,Maine,44.141,-69.1686,40860,Knox_ME,111.74009352695053
1162,Pasquotank,North Carolina,36.2955,-76.2843,40830,Pasquotank_NC,179.962976022567
1163,Preble,Ohio,39.7415,-84.648,40802,Preble_OH,96.04990583804143
1164,Hendry,Florida,26.5535,-81.1659,40798,Hendry_FL,35.3986447207448
1165,LaGrange,Indiana,41.6426,-85.4265,40596,LaGrange_IN,106.95542206765728
1166,Sanilac,Michigan,43.4236,-82.8203,40574,Sanilac_MI,42.097945631873834
1167,Mecosta,Michigan,43.6408,-85.3246,40321,Mecosta_MI,72.56024042181791
1168,Latah,Idaho,46.8162,-116.7117,40315,Latah_ID,37.44485208749361
1169,Murray,Georgia,34.7884,-84.7481,40282,Murray_GA,116.95943787927179
1170,Okeechobee,Florida,27.3864,-80.8886,40249,Okeechobee_FL,52.00532341008346
1171,Howell,Missouri,36.774,-91.8865,40168,Howell_MO,43.29661327527109
1172,Rio Arriba,New Mexico,36.5096,-106.6931,40165,Rio Arriba_NM,6.856868733600449
1173,Ottawa,Ohio,41.5379,-83.1435,40161,Ottawa_OH,157.52500490292215
1174,McKean,Pennsylvania,41.8076,-78.569,40149,McKean_PA,40.90283932883034
1175,Mower,Minnesota,43.6715,-92.7525,40069,Mower_MN,56.31623330990865
1176,Waldo,Maine,44.5028,-69.1454,40006,Waldo_ME,54.823016732216026
1177,Fayette,West Virginia,38.0288,-81.0811,39987,Fayette_WV,60.22773485156568
1178,Wyoming,New York,42.7024,-78.2244,39980,Wyoming_NY,67.43013273515373
1179,Marshall,Iowa,42.0358,-92.9988,39971,Marshall_IA,69.84029913335196
1180,Tazewell,Virginia,37.125,-81.5606,39933,Tazewell_VA,76.83264709277715
1181,Pike,Mississippi,31.1748,-90.4042,39930,Pike_MS,97.65462593851647
1182,Webster,Missouri,37.2809,-92.8759,39868,Webster_MO,67.19476842176228
1183,Harrison,Indiana,38.1951,-86.1115,39785,Harrison_IN,81.99373480070895
1184,Mississippi,Arkansas,35.7624,-90.0522,39749,Mississippi_AR,44.25160033398274
1185,Snyder,Pennsylvania,40.7698,-77.0702,39711,Snyder_PA,119.90036231884058
1186,Orleans,New York,43.2521,-78.2312,39686,Orleans_NY,101.39499233520695
1187,Sequoyah,Oklahoma,35.4953,-94.7552,39676,Sequoyah_OK,58.88219405776023
1188,Campbell,Tennessee,36.4035,-84.1494,39568,Campbell_TN,82.4213135584394
1189,Fremont,Wyoming,43.0405,-108.6304,39472,Fremont_WY,4.2987191620372736
1190,Isle of Wight,Virginia,36.8912,-76.7259,39444,Isle of Wight_VA,124.87415708994206
1191,Mayes,Oklahoma,36.3019,-95.2307,39406,Mayes_OK,60.057304843478526
1192,Williams,North Dakota,48.3437,-103.4802,39368,Williams_ND,19.01413212522821
1193,Douglas,Minnesota,45.9338,-95.4535,39354,Douglas_MN,62.04124101399924
1194,Oconto,Wisconsin,45.0264,-88.2697,39329,Oconto_WI,39.409000270549214
1195,Person,North Carolina,36.39,-78.9718,39275,Person_NC,100.11215620300273
1196,Gloucester,Virginia,37.416,-76.5434,39228,Gloucester_VA,181.09967222196573
1197,Avoyelles,Louisiana,31.0763,-92.0014,39176,Avoyelles_LA,47.06165008889529
1198,Louisa,Virginia,37.9786,-77.963,39012,Louisa_VA,78.47286478657924
1199,Crawford,Kansas,37.5073,-94.8518,38963,Crawford_KS,65.71486397598287
1200,Jim Wells,Texas,27.7314,-98.0899,38863,Jim Wells_TX,44.953268865960304
1201,Graham,Arizona,32.9326,-109.8875,38860,Graham_AZ,8.39432141221605
1202,Champaign,Ohio,40.1377,-83.7696,38772,Champaign_OH,90.47041254433452
1203,Colleton,South Carolina,32.8637,-80.667,38623,Colleton_SC,36.56234616986634
1204,Des Moines,Iowa,40.9232,-91.1815,38597,Des Moines_IA,92.74780728102849
1205,Wayne,West Virginia,38.1459,-82.427,38498,Wayne_WV,76.11459301291049
1206,Lawrence,Missouri,37.1064,-93.833,38392,Lawrence_MO,62.62151758334964
1207,Union,Arkansas,33.1713,-92.5972,38368,Union_AR,36.93136971797093
1208,Susquehanna,Pennsylvania,41.8214,-75.8007,38349,Susquehanna_PA,46.60452567873028
1209,Woodford,Illinois,40.7883,-89.2113,38348,Woodford_IL,72.63566625627426
1210,Brown,Texas,31.7742,-98.9998,38294,Brown_TX,40.57212480796737
1211,Guernsey,Ohio,40.052,-81.4943,38283,Guernsey_OH,73.35313278405825
1212,Defiance,Ohio,41.3239,-84.4905,38258,Defiance_OH,93.04893472127638
1213,Warren,Pennsylvania,41.8145,-79.2741,38174,Warren_PA,43.210142056709486
1214,Pontotoc,Oklahoma,34.728,-96.6844,38158,Pontotoc_OK,53.02373408926686
1215,Montgomery,Indiana,40.0404,-86.8933,38155,Montgomery_IN,75.62783691106222
1216,Newberry,South Carolina,34.2898,-81.6001,38121,Newberry_SC,60.43565800529512
1217,Independence,Arkansas,35.7416,-91.5697,38120,Independence_AR,49.90965984969494
1218,Brown,South Dakota,45.5898,-98.3516,38079,Brown_SD,22.228513720980462
1219,Oneida,Wisconsin,45.7055,-89.5218,38007,Oneida_WI,33.79902178746109
1220,Finney,Kansas,38.0443,-100.737,38001,Finney_KS,29.191792712998456
1221,Scott,Missouri,37.053,-89.5686,37967,Scott_MO,90.18075580152491
1222,Boone,Arkansas,36.3086,-93.0915,37896,Boone_AR,64.10230386684259
1223,Calloway,Kentucky,36.621,-88.2723,37882,Calloway_KY,98.07637540453075
1224,Jasper,Iowa,41.686,-93.0538,37864,Jasper_IA,51.86920368772175
1225,Albany,Wyoming,41.6546,-105.7238,37713,Albany_WY,8.826399859575215
1226,Talbot,Maryland,38.7714,-76.0971,37707,Talbot_MD,140.10180575165342
1227,Clinton,Pennsylvania,41.234,-77.6385,37707,Clinton_PA,42.32604083648568
1228,Cass,Indiana,40.7615,-86.346,37703,Cass_IN,91.31930147504058
1229,Covington,Alabama,31.2485,-86.4513,37647,Covington_AL,36.41543015225088
1230,Franklin,Illinois,37.9923,-88.9242,37541,Franklin_IL,91.1012424771889
1231,Dallas,Alabama,32.326,-87.1065,37536,Dallas_AL,38.274311468222
1232,Dare,North Carolina,35.7824,-75.7988,37534,Dare_NC,97.85181709161061
1233,Macon,North Carolina,35.1505,-83.4222,37533,Macon_NC,72.67217844211667
1234,Addison,Vermont,44.0309,-73.1408,37497,Addison_VT,48.68602144953128
1235,Houghton,Michigan,46.8976,-88.6875,37428,Houghton_MI,36.99442533507295
1236,Yadkin,North Carolina,36.1605,-80.6652,37419,Yadkin_NC,111.51542244076889
1237,Steele,Minnesota,44.0223,-93.2261,37413,Steele_MN,87.09812594575719
1238,Hopkins,Texas,33.1496,-95.5639,37351,Hopkins_TX,47.7390081799591
1239,Bennington,Vermont,43.0354,-73.0932,37312,Bennington_VT,55.1732296272199
1240,Clarion,Pennsylvania,41.1924,-79.421,37297,Clarion_PA,61.909899741053046
1241,Marion,Illinois,38.6496,-88.919,37294,Marion_IL,65.16967811833781
1242,Orange,Virginia,38.2461,-78.014,37208,Orange_VA,108.89083991805678
1243,Dodge,Nebraska,41.5779,-96.654,37146,Dodge_NE,69.5110312692977
1244,Sagadahoc,Maine,43.9598,-69.8546,37093,Sagadahoc_ME,146.0929499803072
1245,Putnam,Indiana,39.6663,-86.845,37091,Putnam_IN,77.22304345110449
1246,Essex,New York,44.1172,-73.7726,37077,Essex_NY,20.635017809439002
1247,Natchitoches,Louisiana,31.7234,-93.0962,37047,Natchitoches_LA,29.50894101716516
1248,Green,Wisconsin,42.68,-89.6022,37036,Green_WI,63.41889415914656
1249,Clark,Kentucky,37.9708,-84.1474,37004,Clark_KY,145.5074515355275
1250,Okmulgee,Oklahoma,35.6466,-95.9643,36922,Okmulgee_OK,52.97502044564328
1251,Clinton,Illinois,38.6065,-89.4225,36899,Clinton_IL,77.80823650971047
1252,Williams,Ohio,41.5603,-84.5881,36862,Williams_OH,87.40456205244938
1253,Webster,Iowa,42.4279,-94.1818,36848,Webster_IA,51.51909176069236
1254,Delta,Michigan,45.9193,-86.9241,36829,Delta_MI,31.476970675965575
1255,Jefferson,Illinois,38.3005,-88.924,36808,Jefferson_IL,64.46686282751855
1256,McLeod,Minnesota,44.8236,-94.2724,36771,McLeod_MN,74.75147892907239
1257,Huntington,Indiana,40.8292,-85.4881,36757,Huntington_IN,96.07412634935571
1258,Whitley,Kentucky,36.7581,-84.1452,36755,Whitley_KY,83.50562308303988
1259,Escambia,Alabama,31.1262,-87.1615,36695,Escambia_AL,38.7331377060947
1260,Dyer,Tennessee,36.0592,-89.4137,36681,Dyer_TN,71.85308521057786
1261,Coshocton,Ohio,40.3017,-81.9201,36679,Coshocton_OH,65.02561738791285
1262,Hill,Texas,31.9907,-97.1324,36664,Hill_TX,38.09800906105823
1263,Beauregard,Louisiana,30.6486,-93.3432,36646,Beauregard_LA,31.58892844520684
1264,Graves,Kentucky,36.7231,-88.6512,36612,Graves_KY,65.89751435411004
1265,Fannin,Texas,33.5938,-96.1069,36525,Fannin_TX,40.972572774692914
1266,Cocke,Tennessee,35.9254,-83.1212,36503,Cocke_TN,84.03084714548804
1267,Warren,Missouri,38.7646,-91.1607,36467,Warren_MO,84.54939602606014
1268,Uintah,Utah,40.1248,-109.5186,36458,Uintah_UT,8.143272274054237
1269,Carlton,Minnesota,46.5924,-92.677,36457,Carlton_MN,42.37560006044192
1270,Chippewa,Michigan,46.3053,-84.578,36448,Chippewa_MI,23.348237735897403
1271,Alexander,North Carolina,35.921,-81.177,36440,Alexander_NC,140.05688369590283
1272,Matagorda,Texas,28.8212,-96.011,36274,Matagorda_TX,32.548498824542826
1273,Laclede,Missouri,37.6583,-92.5903,36245,Laclede_MO,47.32649996735653
1274,Webster,Louisiana,32.7135,-93.335,36189,Webster_LA,60.79936830079634
1275,Washington,Texas,30.2145,-96.4034,36156,Washington_TX,59.34801877810971
1276,Knox,Indiana,38.6891,-87.418,36108,Knox_IN,69.99980613768102
1277,Adams,Indiana,40.7457,-84.9367,35995,Adams_IN,106.06730315888731
1278,Sioux,Iowa,43.0826,-96.1779,35984,Sioux_IA,46.86148877428765
1279,Ware,Georgia,31.0538,-82.4237,35958,Ware_GA,39.85193230557803
1280,Scotts Bluff,Nebraska,41.8506,-103.708,35937,Scotts Bluff_NE,48.61146806985269
1281,Geary,Kansas,39.0024,-96.7525,35895,Geary_KS,93.30889807377369
1282,Lincoln,Maine,44.0665,-69.5434,35840,Lincoln_ME,78.59821487313319
1283,Wasatch,Utah,40.3308,-111.1682,35808,Wasatch_UT,30.41303221532372
1284,Miami,Indiana,40.7695,-86.045,35772,Miami_IN,95.2345455513551
1285,Wise,Virginia,36.9752,-82.6212,35727,Wise_VA,88.42441342441342
1286,Livingston,Illinois,40.8916,-88.5577,35659,Livingston_IL,34.16398405763777
1287,Greenup,Kentucky,38.5457,-82.9223,35639,Greenup_KY,102.9701539972841
1288,Lincoln,Tennessee,35.1405,-86.589,35617,Lincoln_TN,62.46076144713536
1289,Silver Bow,Montana,45.9024,-112.6567,35589,Silver Bow_MT,49.54546087343905
1290,Madison,Nebraska,41.9167,-97.6008,35535,Madison_NE,62.06228059451246
1291,Harris,Georgia,32.736,-84.9089,35509,Harris_GA,76.57918005564062
1292,Perry,Ohio,39.7372,-82.2361,35474,Perry_OH,86.56840255746987
1293,Floyd,Kentucky,37.5571,-82.7457,35342,Floyd_KY,89.6345329579751
1294,Marshall,Tennessee,35.4689,-86.765,35276,Marshall_TN,93.97911338448422
1295,Greene,Pennsylvania,39.8538,-80.2229,35265,Greene_PA,61.238842774285416
1296,Wapello,Iowa,41.0306,-92.4095,35265,Wapello_IA,81.66786318056553
1297,Becker,Minnesota,46.9346,-95.674,35260,Becker_MN,26.907403733154254
1298,Morrow,Ohio,40.5241,-82.7941,35214,Morrow_OH,86.68701688740092
1299,Monroe,Illinois,38.2785,-90.1773,34969,Monroe_IL,90.05897653815447
1300,Brookings,South Dakota,44.3697,-96.7904,34968,Brookings_SD,44.01480250736349
1301,Barry,Missouri,36.7099,-93.8291,34831,Barry_MO,44.70900829204426
1302,Lincoln,Mississippi,31.5324,-90.454,34830,Lincoln_MS,59.46628877772276
1303,Clark,Wisconsin,44.7347,-90.6121,34736,Clark_WI,28.574248955282812
1304,DeSoto,Florida,27.1864,-81.8095,34719,DeSoto_FL,54.48083230028089
1305,Steuben,Indiana,41.6439,-85.0008,34648,Steuben_IN,112.23114796579424
1306,Miami,Kansas,38.5635,-94.8381,34625,Miami_KS,60.0377999722569
1307,Wakulla,Florida,30.1673,-84.4007,34608,Wakulla_FL,57.04678073385422
1308,Taos,New Mexico,36.5783,-105.631,34516,Taos_NM,15.666516882492045
1309,Effingham,Illinois,39.0598,-88.5899,34505,Effingham_IL,72.08063505326928
1310,Alcorn,Mississippi,34.8808,-88.5803,34500,Alcorn_MS,86.27372527445047
1311,Cowley,Kansas,37.2377,-96.8375,34487,Cowley_KS,30.62135956812047
1312,Chambers,Alabama,32.9143,-85.392,34450,Chambers_AL,57.68876534320211
1313,Whitley,Indiana,41.1394,-85.5051,34388,Whitley_IN,102.49165474487363
1314,Platte,Nebraska,41.5713,-97.5211,34358,Platte_NE,50.670284778857635
1315,Scotland,North Carolina,34.8409,-79.4804,34353,Scotland_NC,107.64241398759165
1316,Putnam,Ohio,41.0221,-84.1317,34352,Putnam_OH,70.99427532188398
1317,Nicollet,Minnesota,44.3499,-94.2475,34350,Nicollet_MN,75.94684826107144
1318,Preston,West Virginia,39.4693,-79.6682,34204,Preston_WV,52.75789733464955
1319,Pickens,Georgia,34.4643,-84.4656,34197,Pickens_GA,147.31831301425925
1320,Emmet,Michigan,45.5202,-84.8904,34159,Emmet_MI,73.01739985464495
1321,Ford,Kansas,37.6917,-99.888,34133,Ford_KS,31.072371415566682
1322,Morrison,Minnesota,46.0126,-94.2684,34131,Morrison_MN,30.352156514006225
1323,Lincoln,Nebraska,41.0477,-100.7453,34122,Lincoln_NE,13.308216132731145
1324,Lee,Illinois,41.7461,-89.3003,34058,Lee_IL,46.953237013345095
1325,Lumpkin,Georgia,34.5722,-84.0027,33931,Lumpkin_GA,119.27795549618588
1326,Monroe,Mississippi,33.8923,-88.4805,33928,Monroe_MS,44.398497716476705
1327,Lincoln,Oklahoma,35.703,-96.8809,33917,Lincoln_OK,35.41357779773216
1328,Marshall,Mississippi,34.7623,-89.5031,33899,Marshall_MS,47.993147678846995
1329,Botetourt,Virginia,37.5571,-79.8124,33875,Botetourt_VA,62.42398555264807
1330,Wexford,Michigan,44.3383,-85.5785,33868,Wexford_MI,59.89142159896727
1331,Harvey,Kansas,38.0432,-97.4272,33823,Harvey_KS,62.71299575399106
1332,Halifax,Virginia,36.7669,-78.9366,33811,Halifax_VA,41.268155742707194
1333,Pulaski,Virginia,37.0636,-80.7144,33771,Pulaski_VA,105.3467261440559
1334,Christian,Illinois,39.5458,-89.2773,33684,Christian_IL,47.50514766028263
1335,Marion,Iowa,41.3344,-93.0994,33551,Marion_IA,60.538424063080775
1336,Morton,North Dakota,46.7161,-101.2811,33479,Morton_ND,17.380221879591126
1337,Daviess,Indiana,38.7024,-87.072,33442,Daviess_IN,77.65290484372822
1338,Caroline,Maryland,38.8717,-75.8316,33406,Caroline_MD,104.34809770725307
1339,Petersburg,Virginia,37.2043,-77.3913,33365,Petersburg_VA,1458.2604895104896
1340,Lee,Georgia,31.7796,-84.1412,33337,Lee_GA,93.70379739719482
1341,Accomack,Virginia,37.7644,-75.6334,33326,Accomack_VA,73.20534223706177
1342,Jefferson,Washington,47.7486,-123.5964,33313,Jefferson_WA,18.362059937273663
1343,Rhea,Tennessee,35.6087,-84.9244,33299,Rhea_TN,105.39659429005508
1344,Fulton,Illinois,40.4728,-90.2075,33259,Fulton_IL,38.422171391603705
1345,Transylvania,North Carolina,35.2021,-82.7982,33243,Transylvania_NC,87.85380163323555
1346,Jasper,Indiana,41.023,-87.1161,33198,Jasper_IN,59.2959079786379
1347,Lawrence,Alabama,34.5217,-87.311,33182,Lawrence_AL,47.8554328074072
1348,Lee,Iowa,40.642,-91.4793,33175,Lee_IA,64.11990954599045
1349,Hot Spring,Arkansas,34.3177,-92.9461,33142,Hot Spring_AR,53.895565348901506
1350,Howard,Texas,32.3062,-101.4356,33127,Howard_TX,36.69199415178769
1351,Seneca,New York,42.7811,-76.8238,33125,Seneca_NY,101.95130959342586
1352,Stark,North Dakota,46.8107,-102.6551,33116,Stark_ND,24.747414360016737
1353,Jefferson,Indiana,38.7858,-85.4386,33074,Jefferson_IN,91.52392284915737
1354,Bureau,Illinois,41.4041,-89.5287,33027,Bureau_IL,38.025006907985635
1355,Gibson,Indiana,38.3119,-87.5846,32986,Gibson_IN,67.4863946970007
1356,Lafayette,Missouri,39.0655,-93.7855,32974,Lafayette_MO,52.397069806613594
1357,Clinton,Indiana,40.3017,-86.4751,32967,Clinton_IN,81.37990619600099
1358,Panola,Mississippi,34.3639,-89.9506,32965,Panola_MS,48.18035662087109
1359,Weakley,Tennessee,36.2983,-88.7178,32959,Weakley_TN,56.80725279649769
1360,Pike,Alabama,31.8027,-85.9409,32953,Pike_AL,49.10808756687481
1361,Jasper,Texas,30.744,-94.0251,32807,Jasper_TX,34.997866439086835
1362,Greenbrier,West Virginia,37.9469,-80.453,32688,Greenbrier_WV,32.00752012220199
1363,Morgan,Illinois,39.7156,-90.2015,32621,Morgan_IL,57.3545959631479
1364,Dorchester,Maryland,38.4829,-76.0126,32612,Dorchester_MD,58.492664203465225
1365,Jackson,Ohio,39.0196,-82.6184,32588,Jackson_OH,77.53878366803085
1366,Henry,Tennessee,36.3318,-88.3013,32345,Henry_TN,57.58617006124484
1367,Hale,Texas,34.0705,-101.8269,32247,Hale_TX,32.09774548350172
1368,Jefferson,Idaho,43.8201,-112.3113,32234,Jefferson_ID,29.435292398728862
1369,Claiborne,Tennessee,36.4859,-83.6604,32221,Claiborne_TN,74.19406834300452
1370,Chester,South Carolina,34.692,-81.1595,32177,Chester_SC,55.42789223454834
1371,Evangeline,Louisiana,30.7289,-92.4059,32162,Evangeline_LA,48.417059328285184
1372,Lyon,Kansas,38.4562,-96.1526,32145,Lyon_KS,37.77897916250426
1373,Polk,Missouri,37.6165,-93.4005,32109,Polk_MO,50.39077212806026
1374,Jefferson Davis,Louisiana,30.2677,-92.8141,32083,Jefferson Davis_LA,49.18367034078889
1375,Lake,Montana,47.6459,-114.0894,32073,Lake_MT,21.471176954952906
1376,Franklin,Alabama,34.4417,-87.8437,31978,Franklin_AL,50.308350638726324
1377,Gilmer,Georgia,34.6912,-84.4556,31976,Gilmer_GA,74.93965173779559
1378,Juneau,Alaska,58.4546,-134.1733,31969,Juneau_AK,11.76771562243482
1379,Logan,West Virginia,37.8313,-81.9354,31826,Logan_WV,70.06891085621189
1380,Marshall,Kentucky,36.8835,-88.3294,31728,Marshall_KY,104.06376070058054
1381,Malheur,Oregon,43.1934,-117.6232,31701,Malheur_OR,3.206302359946152
1382,Stone,Missouri,36.7469,-93.456,31697,Stone_MO,68.42752903587927
1383,Sheridan,Wyoming,44.79,-106.8792,31585,Sheridan_WY,12.517239192809473
1384,Caroline,Virginia,38.0267,-77.3472,31541,Caroline_VA,59.229700292946745
1385,Coos,New Hampshire,44.6896,-71.3056,31386,Coos_NH,17.432889540599536
1386,Amherst,Virginia,37.6048,-79.1452,31385,Amherst_VA,66.04865524643293
1387,Delta,Colorado,38.8614,-107.8629,31353,Delta_CO,27.451821628389563
1388,Pontotoc,Mississippi,34.2254,-89.0374,31312,Pontotoc_MS,62.957675681109876
1389,Titus,Texas,33.2166,-94.9657,31284,Titus_TX,76.2020753154382
1390,Washington,Maine,45.0307,-67.6287,31261,Washington_ME,12.171011648912975
1391,Huron,Michigan,43.8333,-83.019,31258,Huron_MI,37.36670970209917
1392,Lassen,California,40.6736,-120.5943,31177,Lassen_CA,6.8411570962440225
1393,Montgomery,Kansas,37.1925,-95.7429,31143,Montgomery_KS,48.26875387476751
1394,Clare,Michigan,43.9879,-84.8478,31109,Clare_MI,54.88532110091744
1395,Powhatan,Virginia,37.5502,-77.9152,31074,Powhatan_VA,118.92988364972445
1396,Clarendon,South Carolina,33.6658,-80.2164,31037,Clarendon_SC,51.11411208642809
1397,Adams,Nebraska,40.5245,-98.5012,31034,Adams_NE,55.08244440105785
1398,Bee,Texas,28.4174,-97.7412,31000,Bee_TX,35.221669279887294
1399,Greene,Indiana,39.0364,-86.9621,30954,Greene_IN,57.13916526683034
1400,Vernon,Wisconsin,43.5939,-90.8344,30915,Vernon_WI,38.89315233937625
1401,Madison,Georgia,34.1278,-83.209,30914,Madison_GA,108.89812596871919
1402,Polk,Minnesota,47.7739,-96.4019,30905,Polk_MN,15.684871369336724
1403,Wabash,Indiana,40.8457,-85.794,30901,Wabash_IN,74.79003799888666
1404,Summit,Colorado,39.6342,-106.1164,30857,Summit_CO,50.7382925545909
1405,McCurtain,Oklahoma,34.1154,-94.7713,30825,McCurtain_OK,16.6418321401963
1406,Trempealeau,Wisconsin,44.304,-91.3585,30786,Trempealeau_WI,41.93820836965998
1407,Freeborn,Minnesota,43.6738,-93.3488,30752,Freeborn_MN,43.457125091854614
1408,Haralson,Georgia,33.7942,-85.211,30720,Haralson_GA,108.89369394916876
1409,Muhlenberg,Kentucky,37.2158,-87.142,30712,Muhlenberg_KY,64.69497809234917
1410,Austin,Texas,29.887,-96.2779,30712,Austin_TX,47.06170796365252
1411,Boyle,Kentucky,37.6244,-84.8668,30708,Boyle_KY,168.81803188565146
1412,Elk,Pennsylvania,41.4251,-78.6491,30703,Elk_PA,37.05183129186025
1413,Cass,Minnesota,46.9496,-94.3254,30688,Cass_MN,15.2101506740682
1414,Jasper,South Carolina,32.4375,-81.0317,30658,Jasper_SC,46.72620862037432
1415,Kleberg,Texas,27.4337,-97.7273,30629,Kleberg_TX,35.16653845712252
1416,Obion,Tennessee,36.3582,-89.1488,30570,Obion_TN,56.10100750582665
1417,Hardin,Ohio,40.6616,-83.6595,30527,Hardin_OH,64.91101235407939
1418,Wayne,Georgia,31.5515,-81.9168,30519,Wayne_GA,47.34123413892595
1419,Williamsburg,South Carolina,33.6199,-79.7277,30517,Williamsburg_SC,32.676946139843665
1420,Giles,Tennessee,35.2021,-87.0348,30442,Giles_TN,49.82894930679456
1421,Mecklenburg,Virginia,36.6804,-78.3627,30431,Mecklenburg_VA,48.77309954642348
1422,Caledonia,Vermont,44.4647,-72.1022,30425,Caledonia_VT,46.765243855577246
1423,Grimes,Texas,30.5435,-95.9855,30385,Grimes_TX,38.28755040322581
1424,Ottawa,Oklahoma,36.8355,-94.8104,30360,Ottawa_OK,64.41483493168124
1425,Meade,South Dakota,44.5668,-102.7169,30297,Meade_SD,8.729539017411824
1426,Door,Wisconsin,44.9452,-87.3154,30279,Door_WI,62.725803778587995
1427,Bolivar,Mississippi,33.7971,-90.8805,30163,Bolivar_MS,34.421646049208015
1428,Franklin,Maine,44.974,-70.444,30145,Franklin_ME,17.755225849771175
1429,Randolph,Illinois,38.0521,-89.8252,30142,Randolph_IL,52.11092285882231
1430,McPherson,Kansas,38.3917,-97.648,30130,McPherson_KS,33.48856853875137
1431,Marshall,West Virginia,39.8606,-80.6634,30129,Marshall_WV,98.14326199550473
1432,Park,Wyoming,44.5205,-109.5879,30109,Park_WY,4.336979051882709
1433,Knox,Kentucky,36.8906,-83.854,30034,Knox_KY,77.47510705257184
1434,Meade,Kentucky,37.9697,-86.217,30032,Meade_KY,97.34530485235487
1435,Schoharie,New York,42.5882,-74.4421,29979,Schoharie_NY,48.19619947911643
1436,Iberville,Louisiana,30.2586,-91.3495,29950,Iberville_LA,48.412647096857626
1437,Currituck,North Carolina,36.405,-76.0079,29612,Currituck_NC,113.15246465418419
1438,Orange,Vermont,44.0056,-72.3768,29594,Orange_VT,42.97955152782619
1439,Bladen,North Carolina,34.6146,-78.5637,29591,Bladen_NC,33.82060484147484
1440,Smyth,Virginia,36.8438,-81.537,29585,Smyth_VA,65.44050963303768
1441,Pine,Minnesota,46.1208,-92.7413,29411,Pine_MN,20.843491325547113
1442,Sanpete,Utah,39.3739,-111.5763,29209,Sanpete_UT,18.392302800183867
1443,Cherokee,North Carolina,35.1339,-84.0635,29197,Cherokee_NC,64.14244601155562
1444,Marion,Alabama,34.1366,-87.8871,29190,Marion_AL,39.37092836622112
1445,Morgan,Colorado,40.2627,-103.8097,29186,Morgan_CO,22.706479118690485
1446,Mason,Michigan,43.9952,-86.25,29177,Mason_MI,58.92319809358402
1447,Sumter,Georgia,32.0399,-84.197,29174,Sumter_GA,60.117870095614904
1448,Gallia,Ohio,38.8247,-82.3169,29162,Gallia_OH,62.20828533640514
1449,Carroll,Virginia,36.7316,-80.7339,29158,Carroll_VA,61.21257925011547
1450,Decatur,Georgia,30.8783,-84.5791,29118,Decatur_GA,48.7902144772118
1451,Adams,Mississippi,31.4829,-91.3535,29098,Adams_MS,63.2207882501195
1452,Elmore,Idaho,43.354,-115.4693,29046,Elmore_ID,9.437965667718363
1453,Ripley,Indiana,39.1035,-85.2624,29039,Ripley_IN,65.05735280939152
1454,Marion,Tennessee,35.1293,-85.6221,29010,Marion_TN,58.21093185648928
1455,Le Sueur,Minnesota,44.3714,-93.7301,28936,Le Sueur_MN,64.51727982162765
1456,Neshoba,Mississippi,32.7535,-89.1176,28927,Neshoba_MS,50.74912280701754
1457,Palo Pinto,Texas,32.7532,-98.313,28920,Palo Pinto_TX,30.348504087393618
1458,Monroe,Georgia,33.0139,-83.9187,28919,Monroe_GA,73.09607461517074
1459,Alpena,Michigan,45.0348,-83.6282,28908,Alpena_MI,50.34921187842898
1460,Marion,South Carolina,34.0801,-79.3625,28900,Marion_SC,59.09295382979594
1461,Fayette,Ohio,39.5599,-83.4561,28880,Fayette_OH,71.0315313099513
1462,Ellis,Kansas,38.9147,-99.3173,28870,Ellis_KS,32.0788470726802
1463,Van Wert,Ohio,40.8554,-84.5861,28824,Van Wert_OH,70.2870101684996
1464,Garrett,Maryland,39.5289,-79.2729,28713,Garrett_MD,44.31292055065127
1465,Dawson,Georgia,34.4443,-84.1706,28704,Dawson_GA,136.01213040181958
1466,Hancock,West Virginia,40.5219,-80.5739,28658,Hancock_WV,346.0275295822265
1467,Glenn,California,39.5981,-122.3919,28623,Glenn_CA,21.770016504536848
1468,Cass,Texas,33.0775,-94.3435,28582,Cass_TX,30.492345441937378
1469,Codington,South Dakota,44.9779,-97.1886,28556,Codington_SD,41.52573181904111
1470,Stoddard,Missouri,36.8556,-89.9443,28547,Stoddard_MO,34.51373440371409
1471,Carroll,Arkansas,36.341,-93.5382,28526,Carroll_AR,45.25996795024355
1472,Jones,Georgia,33.0251,-83.5605,28526,Jones_GA,72.44698412698413
1473,Marion,Missouri,39.8059,-91.6224,28493,Marion_MO,65.04211655671467
1474,Carroll,Tennessee,35.9732,-88.4503,28461,Carroll_TN,47.51260391973557
1475,White,Georgia,34.6464,-83.7471,28454,White_GA,117.78292905041808
1476,Lincoln,Wisconsin,45.3374,-89.7346,28403,Lincoln_WI,32.15555303973735
1477,Fredericksburg,Virginia,38.2992,-77.4872,28383,Fredericksburg_VA,2698.0038022813687
1478,Custer,Oklahoma,35.6388,-99.0015,28332,Custer_OK,28.719425043841422
1479,Montgomery,Kentucky,38.0335,-83.9131,28271,Montgomery_KY,142.35862832972455
1480,Peach,Georgia,32.5688,-83.8269,28269,Peach_GA,187.13756123394677
1481,Wells,Indiana,40.7293,-85.2212,28261,Wells_IN,76.38933938804196
1482,Wythe,Virginia,36.9171,-81.0787,28219,Wythe_VA,60.916587514031605
1483,Baker,Florida,30.3311,-82.2846,28186,Baker_FL,48.16390697356504
1484,Washington,Indiana,38.6,-86.1053,28167,Washington_IN,54.754869561836635
1485,Tate,Mississippi,34.6503,-89.9448,28135,Tate_MS,69.5584454113924
1486,Dinwiddie,Virginia,37.0759,-77.6323,28083,Dinwiddie_VA,55.75674548811722
1487,Montgomery,Illinois,39.231,-89.4789,28078,Montgomery_IL,39.89485649332197
1488,Dillon,South Carolina,34.3915,-79.3789,28031,Dillon_SC,69.23969963442347
1489,Union,Mississippi,34.4905,-89.0038,28009,Union_MS,67.42170762824061
1490,Copiah,Mississippi,31.8692,-90.4488,27994,Copiah_MS,36.04687097604945
1491,San Jacinto,Texas,30.5795,-95.1669,27983,San Jacinto_TX,49.03706299833523
1492,Winchester,Virginia,39.1735,-78.1746,27981,Winchester_VA,2999.0353697749197
1493,Hocking,Ohio,39.4971,-82.4792,27938,Hocking_OH,66.08633944411591
1494,Henderson,Tennessee,35.6542,-88.388,27906,Henderson_TN,53.66332064151379
1495,Bradford,Florida,29.95,-82.1687,27888,Bradford_FL,95.13867567290963
1496,Logan,Illinois,40.1245,-89.3675,27870,Logan_IL,45.0868735237972
1497,Grant,New Mexico,32.7389,-108.3824,27856,Grant_NM,7.023913986303166
1498,Upson,Georgia,32.8813,-84.2994,27856,Upson_GA,85.58436770308467
1499,Perry,Kentucky,37.2443,-83.2215,27847,Perry_KY,81.38827999415462
1500,Dunklin,Missouri,36.2721,-90.0909,27795,Dunklin_MO,50.94204757890107
1501,Randolph,West Virginia,38.7748,-79.8758,27782,Randolph_WV,26.720655561112608
1502,White,Tennessee,35.9264,-85.4552,27764,White_TN,73.72669817834192
1503,Fluvanna,Virginia,37.8419,-78.2773,27764,Fluvanna_VA,96.61412116783241
1504,Scott,Mississippi,32.4064,-89.5376,27754,Scott_MS,45.56708478360806
1505,Jackson,West Virginia,38.8344,-81.6748,27753,Jackson_WV,59.582644539384695
1506,Logan,Kentucky,36.8597,-86.8789,27731,Logan_KY,49.90462136481429
1507,West Baton Rouge,Louisiana,30.4636,-91.3127,27666,West Baton Rouge_LA,144.69665271966528
1508,Jennings,Indiana,38.9969,-85.6281,27584,Jennings_IN,73.12443666825725
1509,Henry,Ohio,41.3339,-84.0682,27581,Henry_OH,66.22088835534214
1510,Adams,Ohio,38.8455,-83.4721,27510,Adams_OH,47.11342501412889
1511,Orleans,Vermont,44.829,-72.2436,27492,Orleans_VT,39.40375519564282
1512,Tillamook,Oregon,45.4636,-123.7126,27471,Tillamook_OR,24.924919475570473
1513,King George,Virginia,38.2733,-77.1572,27468,King George_VA,152.6
1514,Leflore,Mississippi,33.5505,-90.3011,27432,Leflore_MS,46.34331762201612
1515,Del Norte,California,41.7431,-123.8972,27293,Del Norte_CA,27.08149353548784
1516,Gillespie,Texas,30.3181,-98.9465,27202,Gillespie_TX,25.63662752341998
1517,Elbert,Colorado,39.2865,-104.1357,27152,Elbert_CO,14.670571326683884
1518,McDonough,Illinois,40.4562,-90.6779,27102,McDonough_IL,45.9924991939179
1519,Pike,Ohio,39.0773,-83.0668,27080,Pike_OH,61.337742644227504
1520,Cibola,New Mexico,34.9125,-107.9998,27059,Cibola_NM,5.961169454596725
1521,San Miguel,New Mexico,35.4805,-104.8158,27036,San Miguel_NM,5.731560470125333
1522,Woodford,Kentucky,38.0424,-84.7436,27017,Woodford_KY,141.68764422068386
1523,Union,South Carolina,34.6895,-81.6191,26990,Union_SC,52.49747140745351
1524,Cass,Nebraska,40.9097,-96.1409,26963,Cass_NE,48.218820415608576
1525,Toombs,Georgia,32.1216,-82.3312,26943,Toombs_GA,73.48424928405836
1526,Hardin,Tennessee,35.1987,-88.1845,26939,Hardin_TN,46.61855812826636
1527,Mineral,West Virginia,39.4147,-78.9438,26922,Mineral_WV,82.1468892075794
1528,Mille Lacs,Minnesota,45.938,-93.6301,26912,Mille Lacs_MN,46.84665865928595
1529,De Soto,Louisiana,32.0554,-93.7373,26897,De Soto_LA,30.662334701322386
1530,Stephens,Georgia,34.554,-83.2932,26842,Stephens_GA,149.737811000781
1531,Yazoo,Mississippi,32.7803,-90.3964,26837,Yazoo_MS,29.187149258276417
1532,Ashe,North Carolina,36.4341,-81.5004,26831,Ashe_NC,62.96435360101378
1533,Oceana,Michigan,43.641,-86.2675,26788,Oceana_MI,49.565185212596674
1534,Iroquois,Illinois,40.7473,-87.8243,26746,Iroquois_IL,23.95671918526016
1535,Carroll,Ohio,40.5796,-81.0897,26731,Carroll_OH,67.73000228038615
1536,Geneva,Alabama,31.0951,-85.8391,26726,Geneva_AL,46.37676129659194
1537,Juneau,Wisconsin,43.9246,-90.1138,26695,Juneau_WI,34.776774664217506
1538,Boone,Iowa,42.0365,-93.9316,26669,Boone_IA,46.66818324992125
1539,Caddo,Oklahoma,35.1744,-98.3751,26626,Caddo_OK,20.828737493448486
1540,Lewis,New York,43.7851,-75.4486,26618,Lewis_NY,20.869987925546095
1541,Wasco,Oregon,45.16,-121.1678,26603,Wasco_OR,11.172801915121479
1542,Grayson,Kentucky,37.4608,-86.3439,26586,Grayson_KY,52.78351334180432
1543,Lawrence,South Dakota,44.3586,-103.7923,26574,Lawrence_SD,33.2158392080396
1544,Carter,Kentucky,38.3182,-83.0495,26515,Carter_KY,64.5762299074525
1545,Edgefield,South Carolina,33.7722,-81.9664,26508,Edgefield_SC,52.81635418119508
1546,Hart,Georgia,34.3509,-82.9642,26484,Hart_GA,114.05193574781447
1547,Clay,Indiana,39.3928,-87.1158,26431,Clay_IN,73.90805883339858
1548,Decatur,Indiana,39.307,-85.5011,26411,Decatur_IN,70.88298443370907
1549,Marlboro,South Carolina,34.602,-79.6786,26285,Marlboro_SC,54.79352108565592
1550,Taylor,Kentucky,37.3665,-85.3279,26205,Taylor_KY,97.11670310936516
1551,Montezuma,Colorado,37.3386,-108.5966,26204,Montezuma_CO,12.866352749394833
1552,Union,Oregon,45.3102,-118.0088,26192,Union_OR,12.86096584910756
1553,Payette,Idaho,44.0068,-116.7608,26190,Payette_ID,64.26678445229682
1554,Harlan,Kentucky,36.8569,-83.218,26185,Harlan_KY,56.04666095890411
1555,Charlevoix,Michigan,45.2995,-85.124,26143,Charlevoix_MI,62.71710968237214
1556,Wyoming,Pennsylvania,41.5184,-76.0164,26075,Wyoming_PA,65.64702920443102
1557,Butts,Georgia,33.2879,-83.9572,26074,Butts_GA,139.72455924119822
1558,Grady,Georgia,30.8747,-84.2345,26056,Grady_GA,56.87592770453156
1559,Lamoille,Vermont,44.607,-72.6419,26036,Lamoille_VT,56.48089897390285
1560,Franklin,Kansas,38.5645,-95.2859,25994,Franklin_KS,45.297551624989104
1561,Dickinson,Michigan,46.0092,-87.8703,25940,Dickinson_MI,33.84920531356839
1562,McNairy,Tennessee,35.1755,-88.5636,25933,McNairy_TN,46.3056210270695
1563,Johnson,Arkansas,35.5697,-93.4602,25932,Johnson_AR,39.16214869293384
1564,Montgomery,North Carolina,35.3325,-79.9055,25874,Montgomery_NC,52.63222131814483
1565,Brown,Minnesota,44.2421,-94.7276,25826,Brown_MN,42.27809972825197
1566,Simpson,Mississippi,31.9132,-89.9195,25817,Simpson_MS,43.85202045080087
1567,Pottawatomie,Kansas,39.379,-96.3424,25808,Pottawatomie_KS,30.56950630152563
1568,Macon,Tennessee,36.532,-86.0073,25793,Macon_TN,83.98072477452544
1569,Garvin,Oklahoma,34.7046,-97.3093,25779,Garvin_OK,31.924853558558
1570,Cheboygan,Michigan,45.4463,-84.4999,25778,Cheboygan_MI,36.02291783119061
1571,Staunton,Virginia,38.1593,-79.0611,25765,Staunton_VA,1307.2044647387113
1572,Plymouth,Iowa,42.7378,-96.2141,25699,Plymouth_IA,29.759368196766875
1573,Benton,Iowa,42.0802,-92.0657,25698,Benton_IA,35.87152249473053
1574,Crook,Oregon,44.1422,-120.3566,25651,Crook_OR,8.609509361007994
1575,Russell,Virginia,36.9339,-82.0954,25635,Russell_VA,54.00707875110605
1576,Churchill,Nevada,39.5809,-118.3358,25614,Churchill_NV,5.1965072589611045
1577,Goochland,Virginia,37.7221,-77.9158,25613,Goochland_VA,90.05027599057765
1578,Fannin,Georgia,34.8641,-84.3198,25605,Fannin_GA,66.37890807279514
1579,Union,Georgia,34.8341,-83.9907,25598,Union_GA,79.36133932723608
1580,Gladwin,Michigan,43.9907,-84.3883,25543,Gladwin_MI,50.40055248618784
1581,Hardee,Florida,27.4927,-81.81,25508,Hardee_FL,40.02510591558136
1582,Lyon,Minnesota,44.4135,-95.839,25498,Lyon_MN,35.70298388338911
1583,Hardeman,Tennessee,35.2068,-88.9931,25477,Hardeman_TN,38.164931465807804
1584,Salem,Virginia,37.2864,-80.0554,25477,Salem_VA,1746.1960246744345
1585,Luna,New Mexico,32.1823,-107.7499,25420,Luna_NM,8.573095589004044
1586,Todd,Minnesota,46.0706,-94.8976,25402,Todd_MN,26.965457208976456
1587,Otsego,Michigan,45.0214,-84.599,25352,Otsego_MI,49.2711936875656
1588,Iosco,Michigan,44.3559,-83.6359,25333,Iosco_MI,46.134654258709546
1589,Sunflower,Mississippi,33.6023,-90.5886,25328,Sunflower_MS,36.50672393663789
1590,Barton,Kansas,38.479,-98.7565,25275,Barton_KS,28.27181208053691
1591,Milam,Texas,30.7863,-96.9768,25268,Milam_TX,24.85271119591624
1592,Washington,Florida,30.6106,-85.6653,25259,Washington_FL,43.55525666890832
1593,Manistee,Michigan,44.333,-86.0568,25247,Manistee_MI,46.4432221629477
1594,Grant,Kentucky,38.6488,-84.6246,25238,Grant_KY,97.09537183087754
1595,Hickman,Tennessee,35.8032,-87.4733,25229,Hickman_TN,41.18885913929341
1596,Cherokee,Alabama,34.1759,-85.6038,25224,Cherokee_AL,45.60312409603703
1597,Adair,Missouri,40.1906,-92.6007,25224,Adair_MO,44.48677248677249
1598,Mason,West Virginia,38.7697,-82.0266,25214,Mason_WV,58.38601366215121
1599,Cassia,Idaho,42.2839,-113.6001,25165,Cassia_ID,9.80537318085293
1600,Posey,Indiana,38.0218,-87.8685,25163,Posey_IN,61.598531211750306
1601,Bremer,Iowa,42.7746,-92.3181,25118,Bremer_IA,57.360127883078334
1602,Miller,Missouri,38.2145,-92.4284,25081,Miller_MO,42.34795528990646
1603,Cleburne,Arkansas,35.5382,-92.0267,25048,Cleburne_AR,45.29066088057138
1604,Prentiss,Mississippi,34.6183,-88.5201,24999,Prentiss_MS,60.248716651001374
1605,Routt,Colorado,40.4851,-106.9913,24990,Routt_CO,10.581853751074487
1606,Chattooga,Georgia,34.475,-85.3453,24975,Chattooga_GA,79.70829476909329
1607,Jefferson,Oregon,44.6294,-121.1761,24973,Jefferson_OR,14.023630094677614
1608,Morehouse,Louisiana,32.8202,-91.8018,24967,Morehouse_LA,31.43468681145735
1609,Texas,Missouri,37.3173,-91.9651,24956,Texas_MO,21.17535255485601
1610,Lauderdale,Tennessee,35.7605,-89.6305,24933,Lauderdale_TN,52.998193219258155
1611,George,Mississippi,30.8626,-88.644,24870,George_MS,51.99774195571724
1612,Uvalde,Texas,29.3573,-99.7622,24810,Uvalde_TX,15.939096077864509
1613,Jerome,Idaho,42.6899,-114.2639,24788,Jerome_ID,41.32435316084289
1614,Fayette,Texas,29.8768,-96.9198,24783,Fayette_TX,26.086544635432567
1615,Teller,Colorado,38.8824,-105.1617,24774,Teller_CO,44.47276774494669
1616,Barbour,Alabama,31.8696,-85.3932,24757,Barbour_AL,27.9771725618714
1617,Waushara,Wisconsin,44.1131,-89.2429,24752,Waushara_WI,39.538041307924544
1618,Jackson,Oklahoma,34.588,-99.4148,24730,Jackson_OK,30.809288882244484
1619,White,Indiana,40.7498,-86.8655,24709,White_IN,48.90547066740559
1620,Audrain,Missouri,39.2157,-91.8416,24688,Audrain_MO,35.619679699899
1621,Somerset,Maryland,38.1158,-75.7518,24685,Somerset_MD,75.44084838482932
1622,Yates,New York,42.6335,-77.1055,24637,Yates_NY,72.83881267738883
1623,Blaine,Idaho,43.4119,-113.9802,24579,Blaine_ID,9.29340058530388
1624,Rowan,Kentucky,38.1963,-83.4211,24525,Rowan_KY,87.33352325332953
1625,Randolph,Missouri,39.4401,-92.4971,24524,Randolph_MO,50.84591142809753
1626,Fairfax,Virginia,38.8531,-77.2998,24478,Fairfax_VA,61.963345484001614
1627,Fairfax,Virginia,38.8531,-77.2998,24478,Fairfax_VA,3879.2393026941363
1628,Scott,Indiana,38.6851,-85.7475,24468,Scott_IN,128.51515310678082
1629,Aransas,Texas,28.1254,-96.9933,24449,Aransas_TX,97.07377114269832
1630,Nicholas,West Virginia,38.2917,-80.7993,24446,Nicholas_WV,37.688666882506205
1631,Burke,Georgia,33.0611,-82.0007,24427,Burke_GA,29.413464664587522
1632,Randolph,Indiana,40.1576,-85.0113,24425,Randolph_IN,53.9385641410684
1633,Lincoln,Kentucky,37.4554,-84.6608,24415,Lincoln_KY,72.60750609647297
1634,Abbeville,South Carolina,34.2226,-82.4593,24352,Abbeville_SC,47.934177115524676
1635,Marion,Mississippi,31.2308,-89.8224,24303,Marion_MS,44.81137293948446
1636,Tattnall,Georgia,32.0458,-82.0581,24215,Tattnall_GA,50.06305691662015
1637,New Kent,Virginia,37.5052,-76.9974,24139,New Kent_VA,115.1944643283226
1638,Shelby,Texas,31.7924,-94.145,24108,Shelby_TX,30.358514563473573
1639,Anderson,Kentucky,38.0039,-84.991,24098,Anderson_KY,118.90264962747324
1640,Dawson,Nebraska,40.8699,-99.8196,24020,Dawson_NE,23.713620029222447
1641,Hood River,Oregon,45.519,-121.6511,23958,Hood River_OR,45.86579879391213
1642,Itawamba,Mississippi,34.28,-88.3613,23942,Itawamba_MS,44.97755067535835
1643,Grainger,Tennessee,36.2763,-83.5096,23929,Grainger_TN,85.3601112973995
1644,Bell,Kentucky,36.7306,-83.6741,23878,Bell_KY,66.18621282257394
1645,Antrim,Michigan,44.9991,-85.1402,23876,Antrim_MI,50.060804294041176
1646,Franklin,Georgia,34.3754,-83.2291,23840,Franklin_GA,90.54654563409169
1647,Iowa,Wisconsin,43.0005,-90.1354,23832,Iowa_WI,31.248115174321793
1648,Upshur,West Virginia,38.8978,-80.2334,23758,Upshur_WV,66.96921862667719
1649,Page,Virginia,38.6194,-78.4844,23750,Page_VA,76.3346511104683
1650,Pacific,Washington,46.5556,-123.7039,23750,Pacific_WA,25.456338360290257
1651,Ohio,Kentucky,37.4782,-86.8489,23704,Ohio_KY,39.91983697940349
1652,Roscommon,Michigan,44.3356,-84.6116,23639,Roscommon_MI,45.33755274261603
1653,Winston,Alabama,34.1492,-87.3737,23637,Winston_AL,38.469175183907296
1654,Seminole,Oklahoma,35.1675,-96.6155,23550,Seminole_OK,37.23261292311584
1655,McDonald,Missouri,36.6287,-94.3483,23492,McDonald_MO,43.54321513966377
1656,Washington,Missouri,37.9617,-90.8774,23483,Washington_MO,30.915362234889873
1657,Curry,Oregon,42.4576,-124.1568,23463,Curry_OR,14.417652914500607
1658,Meeker,Minnesota,45.1231,-94.5273,23422,Meeker_MN,38.488842146777536
1659,Juniata,Pennsylvania,40.5311,-77.4022,23419,Juniata_PA,59.804897980030134
1660,Vilas,Wisconsin,46.0529,-89.5148,23410,Vilas_WI,26.793480748981366
1661,Fayette,Indiana,39.64,-85.1788,23390,Fayette_IN,108.81094157052475
1662,Saline,Illinois,37.7531,-88.5407,23387,Saline_IL,61.01327906916073
1663,Yankton,South Dakota,43.009,-97.3948,23379,Yankton_SD,44.82599942479149
1664,Teton,Wyoming,43.9346,-110.5898,23358,Teton_WY,5.828193304988322
1665,Hampshire,West Virginia,39.3171,-78.6141,23340,Hampshire_WV,36.37100292962663
1666,Starke,Indiana,41.2809,-86.6476,23300,Starke_IN,75.32895800329766
1667,Menominee,Michigan,45.5801,-87.5566,23295,Menominee_MI,22.323482060717573
1668,Saline,Missouri,39.1368,-93.2018,23177,Saline_MO,30.675666732843627
1669,Ray,Missouri,39.3523,-93.9899,23149,Ray_MO,40.650078142834566
1670,Osceola,Michigan,43.9898,-85.3252,23122,Osceola_MI,40.853033676101624
1671,Klickitat,Washington,45.8738,-120.7891,23082,Klickitat_WA,12.32769164214338
1672,Plaquemines,Louisiana,29.4406,-89.61,23070,Plaquemines_LA,27.315998863313443
1673,Mingo,West Virginia,37.7264,-82.1347,22979,Mingo_WV,54.37400913371666
1674,Emanuel,Georgia,32.5897,-82.3017,22961,Emanuel_GA,33.481094795782965
1675,Hopewell,Virginia,37.2915,-77.2985,22944,Hopewell_VA,2240.625
1676,Franklin,Indiana,39.4149,-85.0602,22929,Franklin_IN,59.40155440414508
1677,Crawford,Missouri,37.9764,-91.3039,22890,Crawford_MO,30.82745245919302
1678,Mercer,Kentucky,37.811,-84.8745,22824,Mercer_KY,90.96126255380202
1679,Overton,Tennessee,36.345,-85.2881,22807,Overton_TN,52.625871060039685
1680,Clarke,Alabama,31.6767,-87.8308,22802,Clarke_AL,18.41276506403527
1681,Saunders,Nebraska,41.2264,-96.6374,22761,Saunders_NE,30.191006764822923
1682,Poinsett,Arkansas,35.574,-90.663,22740,Poinsett_AR,30.01029376831103
1683,St. Francis,Arkansas,35.022,-90.7478,22740,St. Francis_AR,35.87656190836804
1684,Caswell,North Carolina,36.3932,-79.3335,22689,Caswell_NC,53.42736713212612
1685,Panola,Texas,32.1624,-94.3056,22624,Panola_TX,28.24751535733906
1686,Leelanau,Michigan,44.9385,-85.812,22607,Leelanau_MI,64.87502510976555
1687,Rockbridge,Virginia,37.8145,-79.4473,22578,Rockbridge_VA,37.6532194853493
1688,Waynesboro,Virginia,38.0674,-78.9014,22574,Waynesboro_VA,1469.6614583333335
1689,Allen,Louisiana,30.653,-92.828,22552,Allen_LA,29.499018966644865
1690,Washington,Iowa,41.3356,-91.7179,22539,Washington_IA,39.63179828031861
1691,Columbia,Arkansas,33.2143,-93.2273,22527,Columbia_AR,29.404393624936365
1692,Putnam,Georgia,33.3218,-83.3728,22524,Putnam_GA,65.37601950483267
1693,Johnson,Kentucky,37.8466,-82.8315,22464,Johnson_KY,85.89125946317962
1694,Asotin,Washington,46.1918,-117.203,22424,Asotin_WA,35.29448799068215
1695,Sumner,Kansas,37.2373,-97.4765,22386,Sumner_KS,18.942131137830955
1696,Ouachita,Arkansas,33.5934,-92.8819,22317,Ouachita_AR,30.468973991398727
1697,Randolph,Alabama,33.2938,-85.4591,22310,Randolph_AL,38.39600722829361
1698,Lampasas,Texas,31.1962,-98.2415,22267,Lampasas_TX,31.272119543845854
1699,Beckham,Oklahoma,35.2687,-99.682,22202,Beckham_OK,24.618830600002216
1700,Henry,Missouri,38.3852,-93.7928,22194,Henry_MO,31.593782029381618
1701,Limestone,Texas,31.5455,-96.5805,22185,Limestone_TX,24.409162925798785
1702,Bibb,Alabama,32.9986,-87.1265,22152,Bibb_AL,35.5552702117073
1703,Grant,Louisiana,31.5997,-92.5595,22123,Grant_LA,34.29337632341771
1704,Sabine,Louisiana,31.564,-93.5547,22085,Sabine_LA,25.523824933257828
1705,Meigs,Ohio,39.0822,-82.0228,22072,Meigs_OH,51.39956220017698
1706,Nobles,Minnesota,43.6742,-95.7534,22067,Nobles_MN,30.846111910985616
1707,Brooke,West Virginia,40.2739,-80.5764,22053,Brooke_WV,248.2048396173326
1708,Mahaska,Iowa,41.3352,-92.6409,22045,Mahaska_IA,38.61649762642983
1709,Houston,Texas,31.3177,-95.4227,22042,Houston_TX,17.907367839530746
1710,Lee,Virginia,36.7054,-83.1286,22042,Lee_VA,50.424358886372474
1711,Llano,Texas,30.7058,-98.6841,22011,Llano_TX,23.54722067696521
1712,Scott,Tennessee,36.4285,-84.5035,21969,Scott_TN,41.288127948279424
1713,Prince Edward,Virginia,37.2243,-78.4411,21932,Prince Edward_VA,62.172581925388364
1714,Minidoka,Idaho,42.8543,-113.6375,21922,Minidoka_ID,28.859166425317923
1715,Jo Daviess,Illinois,42.3658,-90.2126,21918,Jo Daviess_IL,36.46436414453983
1716,Gaines,Texas,32.7408,-102.6352,21904,Gaines_TX,14.579824940925883
1717,Anson,North Carolina,34.9738,-80.1027,21903,Anson_NC,41.20435690501721
1718,Colusa,California,39.1775,-122.237,21895,Colusa_CA,19.02787916710119
1719,Sevier,Utah,38.7477,-111.8046,21854,Sevier_UT,11.44038738385028
1720,Martin,North Carolina,35.8432,-77.1092,21773,Martin_NC,47.21252466552464
1721,Hubbard,Minnesota,47.1086,-94.9166,21700,Hubbard_MN,23.524055243587796
1722,Wyandot,Ohio,40.8424,-83.3044,21699,Wyandot_OH,53.49720174551909
1723,McDuffie,Georgia,33.4828,-82.4814,21687,McDuffie_GA,83.48539092273936
1724,Gage,Nebraska,40.2619,-96.6894,21646,Gage_NE,25.30837493715582
1725,Madison,North Carolina,35.858,-82.7058,21640,Madison_NC,48.150950113479595
1726,Seward,Kansas,37.1933,-100.8513,21640,Seward_KS,33.8378784088066
1727,Tippah,Mississippi,34.7684,-88.9089,21621,Tippah_MS,47.21670197200323
1728,Bandera,Texas,29.7472,-99.2463,21589,Bandera_TX,27.268134338726586
1729,Stutsman,North Dakota,46.9793,-98.9588,21525,Stutsman_ND,9.689835239038445
1730,Wabasha,Minnesota,44.2843,-92.2303,21519,Wabasha_MN,40.987790708748406
1731,Scott,Virginia,36.7143,-82.6029,21504,Scott_VA,40.0760371240076
1732,Hockley,Texas,33.6076,-102.3432,21455,Hockley_TX,23.621570440833224
1733,Mitchell,Georgia,31.2253,-84.1943,21441,Mitchell_GA,41.8802250175795
1734,Owen,Indiana,39.3128,-86.8377,21434,Owen_IN,55.646710628796924
1735,Morgan,Missouri,38.4237,-92.886,21430,Morgan_MO,35.87151202691619
1736,Taylor,Florida,30.047,-83.6035,21422,Taylor_FL,20.56031710992312
1737,Fayette,Illinois,39.0002,-89.0241,21380,Fayette_IL,29.839914025317867
1738,Clark,Arkansas,34.051,-93.1764,21378,Clark_AR,24.702171175022823
1739,Fillmore,Minnesota,43.674,-92.0902,21346,Fillmore_MN,24.78490566037736
1740,Grenada,Mississippi,33.7699,-89.802,21342,Grenada_MS,50.59863913321795
1741,Jersey,Illinois,39.0855,-90.3565,21336,Jersey_IL,57.79607758153646
1742,Dakota,Nebraska,42.3912,-96.5646,21331,Dakota_NE,80.86050037907505
1743,Boone,West Virginia,38.0229,-81.7115,21312,Boone_WV,42.37146606226887
1744,Leake,Mississippi,32.7535,-89.524,21288,Leake_MS,36.53275214085909
1745,Clinton,Missouri,39.6018,-94.4046,21259,Clinton_MO,50.766548858534726
1746,Logan,Arkansas,35.2149,-93.7166,21240,Logan_AR,29.92097144547593
1747,Moore,Texas,35.8377,-101.893,21234,Moore_TX,23.60224973879021
1748,Morgan,Tennessee,36.135,-84.6492,21193,Morgan_TN,40.596506014864765
1749,Newton,Mississippi,32.4002,-89.1188,21151,Newton_MS,36.59152639136377
1750,Letcher,Kentucky,37.1212,-82.8553,21146,Letcher_KY,62.370221802737134
1751,Gray,Texas,35.4012,-100.8126,21131,Gray_TX,22.763605808592235
1752,Logan,Colorado,40.7247,-103.1101,21067,Logan_CO,11.458673280682287
1753,Allen,Kentucky,36.7513,-86.1904,21029,Allen_KY,60.75638506876228
1754,Washington,Nebraska,41.5311,-96.222,20989,Washington_NE,53.7504161438193
1755,Jackson,Wisconsin,44.3192,-90.8052,20971,Jackson_WI,21.240327350808247
1756,Dodge,Minnesota,44.0226,-92.8621,20962,Dodge_MN,47.695108077360636
1757,Nodaway,Missouri,40.3607,-94.8834,20959,Nodaway_MO,23.908877278638407
1758,Wyoming,West Virginia,37.6096,-81.5492,20948,Wyoming_WV,41.82239258904328
1759,Adams,Wisconsin,43.9696,-89.7704,20928,Adams_WI,32.309259888226755
1760,Union,Louisiana,32.8318,-92.3748,20914,Union_LA,23.830902461257974
1761,Texas,Oklahoma,36.7479,-101.4901,20880,Texas_OK,10.24956311728092
1762,Conway,Arkansas,35.2624,-92.7014,20872,Conway_AR,37.52944349545986
1763,Shelby,Illinois,39.3911,-88.8055,20867,Shelby_IL,27.510514034093156
1764,Ogemaw,Michigan,44.335,-84.1264,20853,Ogemaw_MI,36.95374800637959
1765,Greene,Virginia,38.2976,-78.4669,20850,Greene_VA,133.15876868054667
1766,Perry,Illinois,38.0837,-89.367,20810,Perry_IL,47.192489114658926
1767,Coahoma,Mississippi,34.23,-90.6018,20808,Coahoma_MS,37.549399981954345
1768,Jones,Iowa,42.1212,-91.1315,20799,Jones_IA,36.152682901392296
1769,Sullivan,Indiana,39.0889,-87.4147,20766,Sullivan_IN,46.43559928443649
1770,Meriwether,Georgia,33.0406,-84.6883,20757,Meriwether_GA,41.243443013829285
1771,Dukes,Massachusetts,41.3961,-70.65,20751,Dukes_MA,199.95182116014647
1772,Fairfield,South Carolina,34.3951,-81.1212,20741,Fairfield_SC,30.20871262325405
1773,Colorado,Texas,29.6208,-96.5263,20736,Colorado_TX,21.533828339996884
1774,Breckinridge,Kentucky,37.7734,-86.4293,20722,Breckinridge_KY,36.20132422564246
1775,Assumption,Louisiana,29.9024,-91.0608,20720,Assumption_LA,61.17869375221448
1776,Adams,Washington,46.9834,-118.5606,20690,Adams_WA,10.74827528883717
1777,Buena Vista,Iowa,42.7355,-95.1511,20684,Buena Vista_IA,35.98594244754515
1778,Carroll,Iowa,42.0362,-94.8605,20677,Carroll_IA,36.31940419103828
1779,Lincoln,Montana,48.5425,-115.4051,20656,Lincoln_MT,5.717654809323852
1780,Buchanan,Iowa,42.4708,-91.8379,20645,Buchanan_IA,36.139411126282255
1781,Kewaunee,Wisconsin,44.5161,-87.6153,20621,Kewaunee_WI,60.182699042727066
1782,Morgan,Georgia,33.5909,-83.4923,20614,Morgan_GA,58.95778515044046
1783,Uinta,Wyoming,41.2876,-110.5476,20605,Uinta_WY,9.89835035500514
1784,Montague,Texas,33.6757,-97.7246,20599,Montague_TX,22.133754539788967
1785,Worth,Georgia,31.5515,-83.8509,20575,Worth_GA,36.11359766907131
1786,Barnwell,South Carolina,33.2661,-81.4349,20565,Barnwell_SC,37.49931620502909
1787,DeKalb,Tennessee,35.9799,-85.8328,20551,DeKalb_TN,67.47545720195686
1788,Hertford,North Carolina,36.3591,-76.982,20492,Hertford_NC,58.008265866500594
1789,Lavaca,Texas,29.3843,-96.9302,20479,Lavaca_TX,21.11454789153521
1790,Carbon,Utah,39.6481,-110.5887,20446,Carbon_UT,13.829254765093408
1791,Carroll,Indiana,40.5828,-86.5635,20443,Carroll_IN,54.915918981357116
1792,Pointe Coupee,Louisiana,30.7095,-91.6008,20438,Pointe Coupee_LA,36.67061398787096
1793,Greene,North Carolina,35.485,-77.6758,20421,Greene_NC,76.94423511680483
1794,Hutchinson,Texas,35.84,-101.3547,20413,Hutchinson_TX,23.00393297046328
1795,Fulton,Indiana,41.047,-86.2635,20411,Fulton_IN,55.387913489457546
1796,Jay,Indiana,40.4379,-85.0056,20281,Jay_IN,52.86466478990721
1797,Woodward,Oklahoma,36.4227,-99.2651,20260,Woodward_OK,16.308460114304115
1798,Henry,Iowa,40.988,-91.5445,20228,Henry_IA,46.56109013902955
1799,Lincoln,New Mexico,33.7453,-105.4593,20227,Lincoln_NM,4.186943822876151
1800,Willacy,Texas,26.4693,-97.6632,20218,Willacy_TX,33.884159013206414
1801,Smith,Tennessee,36.2505,-85.9567,20196,Smith_TN,64.2345981361916
1802,Yell,Arkansas,35.0026,-93.4108,20195,Yell_AR,21.76443328411773
1803,Bourbon,Kentucky,38.2067,-84.2171,20174,Bourbon_KY,69.2241704697526
1804,Lincoln,West Virginia,38.1753,-82.0704,20170,Lincoln_WV,46.11023478042201
1805,Lincoln,Wyoming,42.264,-110.656,20158,Lincoln_WY,4.953933188993116
1806,Union,Tennessee,36.2879,-83.8375,20141,Union_TN,90.092145285382
1807,Clay,Kentucky,37.1597,-83.7146,20105,Clay_KY,42.68486868643978
1808,Tyler,Texas,30.7712,-94.3766,20084,Tyler_TX,21.761837685556397
1809,Pierce,Georgia,31.3588,-82.2128,19996,Pierce_GA,58.254916241806264
1810,Crisp,Georgia,31.9229,-83.7681,19995,Crisp_GA,73.02242348988386
1811,Winneshiek,Iowa,43.2907,-91.8437,19972,Winneshiek_IA,28.961296964951202
1812,Taylor,Wisconsin,45.2116,-90.5012,19972,Taylor_WI,20.487044293539586
1813,Jones,Texas,32.7399,-99.8788,19968,Jones_TX,21.448135855379757
1814,Labette,Kansas,37.1913,-95.2976,19949,Labette_KS,30.74658611016923
1815,Davison,South Dakota,43.6747,-98.146,19936,Davison_SD,45.78357523424582
1816,Duchesne,Utah,40.2982,-110.4252,19932,Duchesne_UT,6.155556584981702
1817,Calhoun,Texas,28.5074,-96.6018,19921,Calhoun_TX,38.88465967871016
1818,Dodge,Georgia,32.1722,-83.1684,19909,Dodge_GA,39.794918947010736
1819,Richland,Louisiana,32.4178,-91.7635,19908,Richland_LA,35.64867042707494
1820,Washington,Georgia,32.9695,-82.7959,19893,Washington_GA,29.239791868771494
1821,Benton,Missouri,38.2949,-93.2879,19887,Benton_MO,28.188119232895353
1822,Chaffee,Colorado,38.747,-106.1941,19876,Chaffee_CO,19.61221569885046
1823,Spencer,Kentucky,38.0325,-85.3278,19875,Spencer_KY,106.91231845077999
1824,Spencer,Indiana,38.0141,-87.0077,19871,Spencer_IN,49.84072838546239
1825,Martin,Minnesota,43.6744,-94.5511,19864,Martin_MN,28.00349620774241
1826,Buchanan,Virginia,37.2666,-82.036,19857,Buchanan_VA,39.40819242676828
1827,Gem,Idaho,44.0615,-116.3975,19854,Gem_ID,35.290980838280774
1828,DeWitt,Texas,29.0821,-97.3568,19853,DeWitt_TX,21.836160056314483
1829,Freestone,Texas,31.7049,-96.1491,19813,Freestone_TX,22.580718689810016
1830,St. James,Louisiana,30.027,-90.7931,19797,St. James_LA,80.43310445699427
1831,Simpson,Kentucky,36.742,-86.5823,19786,Simpson_KY,83.77153986197553
1832,Hempstead,Arkansas,33.7354,-93.6684,19778,Hempstead_AR,27.138877835256665
1833,Gonzales,Texas,29.4567,-97.4925,19764,Gonzales_TX,18.509950831187076
1834,Orange,Indiana,38.5418,-86.4951,19746,Orange_IN,49.424309171005206
1835,Elbert,Georgia,34.1168,-82.8401,19725,Elbert_GA,53.49007484542792
1836,Vernon,Missouri,37.8506,-94.3424,19713,Vernon_MO,23.63810780022783
1837,Wayne,Mississippi,31.6408,-88.6958,19699,Wayne_MS,24.310149076907887
1838,Polk,North Carolina,35.2793,-82.1697,19689,Polk_NC,82.77906243430733
1839,Douglas,Illinois,39.7694,-88.2173,19686,Douglas_IL,47.22448783764333
1840,Marion,Kentucky,37.5525,-85.2696,19680,Marion_KY,56.81457316897139
1841,Holmes,Florida,30.8679,-85.814,19626,Holmes_FL,40.679863198258886
1842,Plumas,California,40.0046,-120.8385,19607,Plumas_CA,7.677909221557824
1843,Adair,Oklahoma,35.8839,-94.6587,19595,Adair_OK,34.03859850261435
1844,Wayne,Kentucky,36.8013,-84.8286,19592,Wayne_KY,42.64693077927732
1845,Franklin,Louisiana,32.1333,-91.6738,19590,Franklin_LA,31.413864434502333
1846,Greene,Georgia,33.5788,-83.1667,19586,Greene_GA,50.442979293293504
1847,Monroe,Alabama,31.5709,-87.3654,19580,Monroe_AL,19.086611102987767
1848,Pike,Georgia,33.0923,-84.3892,19540,Pike_GA,89.48115583642442
1849,Langlade,Wisconsin,45.2623,-89.0719,19473,Langlade_WI,22.314276874419885
1850,Hart,Kentucky,37.2999,-85.8847,19470,Hart_KY,46.81076142620152
1851,Jackson,Iowa,42.1717,-90.5743,19429,Jackson_IA,30.54441981480608
1852,Fayette,Iowa,42.8626,-91.8444,19393,Fayette_IA,26.53231543807804
1853,East Feliciana,Louisiana,30.8451,-91.0455,19378,East Feliciana_LA,42.73930304367005
1854,Los Alamos,New Mexico,35.8693,-106.3073,19374,Los Alamos_NM,177.17421124828533
1855,Polk,Arkansas,34.4858,-94.2282,19348,Polk_AR,22.513905373641464
1856,Beadle,South Dakota,44.4145,-98.2781,19279,Beadle_SD,15.316596488440453
1857,Kent,Maryland,39.2556,-76.039,19265,Kent_MD,68.94392155459327
1858,McIntosh,Oklahoma,35.3736,-95.6668,19237,McIntosh_OK,31.02691892066257
1859,Cherokee,Kansas,37.1693,-94.8463,19236,Cherokee_KS,32.76331925330427
1860,Perry,Indiana,38.0796,-86.638,19218,Perry_IN,50.38936521670731
1861,Green Lake,Wisconsin,43.8004,-89.0449,19165,Green Lake_WI,54.095630574686695
1862,Lamar,Georgia,33.0765,-84.1395,19098,Lamar_GA,103.33297262201062
1863,Humphreys,Tennessee,36.0408,-87.7756,19074,Humphreys_TN,35.83856300026305
1864,Marengo,Alabama,32.2477,-87.7895,19027,Marengo_AL,19.47412593138459
1865,Adair,Kentucky,37.1042,-85.2806,19016,Adair_KY,46.74073345787042
1866,Roosevelt,New Mexico,34.0212,-103.48,19002,Roosevelt_NM,7.760669797835409
1867,Harrison,Kentucky,38.4418,-84.3314,18971,Harrison_KY,61.26001033324722
1868,Saluda,South Carolina,34.0061,-81.7268,18958,Saluda_SC,41.89798444130127
1869,Waseca,Minnesota,44.0221,-93.5873,18958,Waseca_MN,44.79149438865918
1870,Macon,Alabama,32.3859,-85.6927,18951,Macon_AL,31.040752145711853
1871,Fentress,Tennessee,36.3805,-84.9324,18948,Fentress_TN,37.99935825445211
1872,Perry,Missouri,37.7072,-89.8244,18947,Perry_MO,39.916152274211555
1873,Pickens,Alabama,33.2808,-88.0887,18843,Pickens_AL,21.37800367588664
1874,Butler,Alabama,31.7524,-86.6803,18807,Butler_AL,24.208683563530577
1875,Inyo,California,36.5111,-117.4107,18803,Inyo_CA,1.8428712842175416
1876,Paulding,Ohio,41.1166,-84.5802,18800,Paulding_OH,45.16408014221881
1877,Houston,Minnesota,43.6714,-91.4929,18768,Houston_MN,33.60971329310006
1878,Banks,Georgia,34.3543,-83.4972,18757,Banks_GA,80.27132280566612
1879,Warren,North Carolina,36.3965,-78.1067,18751,Warren_NC,43.73921156986238
1880,Tishomingo,Mississippi,34.7404,-88.2393,18738,Tishomingo_MS,44.18089220032066
1881,Randolph,Arkansas,36.3415,-91.0276,18733,Randolph_AR,28.73952931790985
1882,Ashley,Arkansas,33.1912,-91.7685,18722,Ashley_AR,20.32459425717853
1883,Wright,Missouri,37.2702,-92.4687,18722,Wright_MO,27.446381188336535
1884,Westmoreland,Virginia,38.112,-76.8042,18683,Westmoreland_VA,81.52107513744654
1885,Yancey,North Carolina,35.8989,-82.3076,18676,Yancey_NC,59.77276364218275
1886,Crawford,Illinois,39.0027,-87.7596,18588,Crawford_IL,41.90922823709783
1887,Poweshiek,Iowa,41.6864,-92.5315,18582,Poweshiek_IA,31.762473719296448
1888,Hampton,South Carolina,32.7763,-81.1407,18555,Hampton_SC,33.1469505877309
1889,Ste. Genevieve,Missouri,37.8944,-90.1944,18551,Ste. Genevieve_MO,36.92549612850574
1890,Bosque,Texas,31.9004,-97.6343,18546,Bosque_TX,18.748862694352898
1891,Andrews,Texas,32.305,-102.6377,18518,Andrews_TX,12.340068237551977
1892,Stone,Mississippi,30.79,-89.1177,18515,Stone_MS,41.57217594359746
1893,Gilchrist,Florida,29.7258,-82.8004,18494,Gilchrist_FL,53.00811143913555
1894,Bethel,Alaska,60.9132,-159.8186,18487,Bethel_AK,0.4549715492043351
1895,Deaf Smith,Texas,34.966,-102.605,18487,Deaf Smith_TX,12.346561235257191
1896,Clay,Mississippi,33.6556,-88.7816,18462,Clay_MS,45.18797728607793
1897,Otero,Colorado,37.9026,-103.7165,18460,Otero_CO,14.617613987298672
1898,Cedar,Iowa,41.7723,-91.1324,18427,Cedar_IA,31.797004417448925
1899,Appling,Georgia,31.7492,-82.2889,18426,Appling_GA,36.235275609132565
1900,Dickinson,Kansas,38.8665,-97.1527,18423,Dickinson_KS,21.727285592980472
1901,McDowell,West Virginia,37.3785,-81.6536,18413,McDowell_WV,34.43484440454817
1902,Jefferson,Kansas,39.2358,-95.3834,18391,Jefferson_KS,34.30452705601462
1903,Burleson,Texas,30.4925,-96.6215,18327,Burleson_TX,27.53703759353307
1904,Concordia,Louisiana,31.4459,-91.6401,18325,Concordia_LA,26.332428043856247
1905,San Juan,Washington,48.5776,-122.9654,18266,San Juan_WA,104.42487994511778
1906,Berrien,Georgia,31.276,-83.2296,18257,Berrien_GA,40.35498773236666
1907,Sawyer,Wisconsin,45.88,-91.1445,18243,Sawyer_WI,14.519826172776618
1908,King William,Virginia,37.7066,-77.0885,18232,King William_VA,66.1946774134989
1909,Covington,Mississippi,31.6332,-89.5526,18226,Covington_MS,44.04649701539428
1910,Colonial Heights,Virginia,37.265,-77.3969,18210,Colonial Heights_VA,2434.4919786096257
1911,Benzie,Michigan,44.6387,-86.0155,18177,Benzie_MI,56.571535277457905
1912,Brantley,Georgia,31.1969,-81.9819,18171,Brantley_GA,40.88883888388839
1913,Russell,Kentucky,36.9911,-85.0587,18117,Russell_KY,71.45899893503727
1914,Kalkaska,Michigan,44.6847,-85.0902,18116,Kalkaska_MI,32.29118391501194
1915,Madison,Florida,30.4441,-83.4701,18113,Madison_FL,26.182801139073998
1916,Grant,Arkansas,34.29,-92.4237,18111,Grant_AR,28.66662445788091
1917,Andrew,Missouri,39.9835,-94.8021,18086,Andrew_MO,41.559814329702654
1918,Montour,Pennsylvania,41.0279,-76.6586,18079,Montour_PA,138.2715105162524
1919,Johnson,Tennessee,36.4549,-81.8518,18073,Johnson_TN,60.55214929473648
1920,Frio,Texas,28.8678,-99.1082,18019,Frio_TX,15.903514501067942
1921,Southampton,Virginia,36.7204,-77.1061,17988,Southampton_VA,30.002001467743014
1922,Young,Texas,33.1766,-98.6878,17963,Young_TX,19.475675734281655
1923,Eastland,Texas,32.3271,-98.8323,17846,Eastland_TX,19.271930108746126
1924,Dickinson,Iowa,43.378,-95.1508,17844,Dickinson_IA,46.82727129585892
1925,Unicoi,Tennessee,36.1107,-82.4323,17779,Unicoi_TN,95.51412915010208
1926,Lee,Texas,30.3107,-96.9657,17758,Lee_TX,28.254574383452667
1927,Schuyler,New York,42.3938,-76.8752,17749,Schuyler_NY,53.995923458367564
1928,Park,Colorado,39.1194,-105.7172,17739,Park_CO,8.060653704065542
1929,Hughes,South Dakota,44.389,-99.996,17732,Hughes_SD,23.932408357177565
1930,Polk,Tennessee,35.1199,-84.5233,17702,Polk_TN,40.689575910814845
1931,Attala,Mississippi,33.0863,-89.5815,17685,Attala_MS,24.05696951559588
1932,Haywood,Tennessee,35.5832,-89.2838,17672,Haywood_TN,33.14328582145536
1933,Avery,North Carolina,36.0765,-81.9226,17643,Avery_NC,71.42914979757084
1934,Seward,Nebraska,40.8724,-97.1395,17636,Seward_NE,30.684645498042627
1935,Pike,Missouri,39.3438,-91.1714,17623,Pike_MO,26.192741000564784
1936,Winston,Mississippi,33.0885,-89.0344,17609,Winston_MS,29.011318516565893
1937,Patrick,Virginia,36.6783,-80.2844,17606,Patrick_VA,36.44078320983566
1938,Sharp,Arkansas,36.1612,-91.4798,17597,Sharp_AR,29.117233391246792
1939,Delaware,Iowa,42.4712,-91.3673,17549,Delaware_IA,30.3694730466384
1940,Long,Georgia,31.7526,-81.7458,17512,Long_GA,43.679537064751074
1941,Park,Montana,45.4884,-110.5267,17484,Park_MT,6.238915790337603
1942,Bertie,North Carolina,36.0663,-76.9788,17482,Bertie_NC,25.003218009410887
1943,Chester,Tennessee,35.4217,-88.6135,17452,Chester_TN,60.48800776375988
1944,Henry,Alabama,31.5147,-85.2414,17450,Henry_AL,31.060875756496976
1945,Hancock,Illinois,40.4037,-91.1647,17434,Hancock_IL,21.94004681482973
1946,Cook,Georgia,31.154,-83.4305,17363,Cook_GA,75.81433935900795
1947,Garrard,Kentucky,37.6396,-84.5377,17346,Garrard_KY,75.02270663033606
1948,Dallas,Missouri,37.6804,-93.0237,17344,Dallas_MO,32.02718174096096
1949,Morgan,West Virginia,39.5604,-78.2578,17327,Morgan_WV,75.67036422394969
1950,Humboldt,Nevada,41.4068,-118.112,17299,Humboldt_NV,1.7930308222195275
1951,Richland,Wisconsin,43.3756,-90.4295,17229,Richland_WI,29.390992835209822
1952,Franklin,Arkansas,35.5124,-93.8906,17220,Franklin_AR,28.25034861783283
1953,Northampton,North Carolina,36.4178,-77.3969,17212,Northampton_NC,32.08320906650761
1954,Gunnison,Colorado,38.6667,-107.0316,17158,Gunnison_CO,5.297624744890871
1955,Drew,Arkansas,33.5894,-91.72,17143,Drew_AR,20.6996063657659
1956,Ben Hill,Georgia,31.7598,-83.2205,17138,Ben Hill_GA,68.06465705548274
1957,Piscataquis,Maine,45.8374,-69.2846,17125,Piscataquis_ME,4.317713087019883
1958,Idaho,Idaho,45.8441,-115.4675,17120,Idaho_ID,2.017706791374775
1959,Pitkin,Colorado,39.2171,-106.9166,17119,Pitkin_CO,17.640815317079202
1960,Rabun,Georgia,34.8818,-83.402,17107,Rabun_GA,46.10429861204689
1961,Marion,Arkansas,36.2684,-92.6842,17076,Marion_AR,28.569516479839383
1962,Clayton,Iowa,42.8447,-91.3414,17069,Clayton_IA,21.91677045749284
1963,Falls,Texas,31.2533,-96.9359,17063,Falls_TX,22.185960030685614
1964,Mariposa,California,37.5815,-119.9054,17060,Mariposa_CA,11.75643640774023
1965,Madison,Arkansas,36.011,-93.7246,17032,Madison_AR,20.35348525949738
1966,Bristol,Virginia,36.618,-82.1605,17024,Bristol_VA,1319.6899224806202
1967,Mason,Kentucky,38.5952,-83.8242,16995,Mason_KY,70.48649993778773
1968,Chickasaw,Mississippi,33.9208,-88.9479,16994,Chickasaw_MS,33.88228726373714
1969,Tama,Iowa,42.0798,-92.5326,16982,Tama_IA,23.543601830029115
1970,Robertson,Texas,31.027,-96.5129,16973,Robertson_TX,19.86168320539225
1971,Union,Illinois,37.4713,-89.2551,16972,Union_IL,40.78239138792772
1972,Dixie,Florida,29.6086,-83.1587,16952,Dixie_FL,24.07920342040596
1973,Manassas Park,Virginia,38.7709,-77.4429,16923,Manassas Park_VA,6796.385542168674
1974,Union,South Dakota,42.8325,-96.656,16916,Union_SD,36.74355966810027
1975,Buckingham,Virginia,37.5722,-78.5288,16914,Buckingham_VA,29.118892676376408
1976,McCreary,Kentucky,36.7371,-84.4842,16905,McCreary_KY,39.52536824877251
1977,Cooper,Missouri,38.8435,-92.8101,16835,Cooper_MO,29.794878148062935
1978,Lewis,West Virginia,38.9959,-80.5022,16808,Lewis_WV,43.9838802533103
1979,Baker,Oregon,44.7092,-117.6753,16796,Baker_OR,5.474362150111469
1980,Lafayette,Wisconsin,42.6605,-90.1317,16788,Lafayette_WI,26.497466736114397
1981,Jackson,Arkansas,35.5992,-91.2145,16775,Jackson_AR,26.479037757292588
1982,Arkansas,Arkansas,34.2892,-91.3742,16773,Arkansas_AR,16.968305192768767
1983,Madison,Iowa,41.3307,-94.0156,16760,Madison_IA,29.867769184160817
1984,Washburn,Wisconsin,45.8992,-91.7912,16749,Washburn_WI,20.685950004940224
1985,Burnett,Wisconsin,45.8627,-92.3676,16741,Burnett_WI,20.378079657220763
1986,Rush,Indiana,39.62,-85.4658,16734,Rush_IN,40.98657783873812
1987,Hardin,Iowa,42.3839,-93.2404,16729,Hardin_IA,29.38727470751502
1988,Piatt,Illinois,40.0103,-88.5911,16702,Piatt_IL,37.957365574292076
1989,Cross,Arkansas,35.2957,-90.7711,16681,Cross_AR,27.086141105788748
1990,Edgar,Illinois,39.6786,-87.7456,16637,Edgar_IL,26.681100152353462
1991,Scurry,Texas,32.7463,-100.9164,16633,Scurry_TX,18.429916897506924
1992,Bond,Illinois,38.8868,-89.4355,16627,Bond_IL,43.73224618621778
1993,Giles,Virginia,37.3142,-80.7029,16610,Giles_VA,46.48364257129264
1994,La Paz,Arizona,33.7294,-113.9815,16605,La Paz_AZ,3.690041000455561
1995,Warren,Illinois,40.8488,-90.615,16576,Warren_IL,30.553712305537125
1996,Richland,North Dakota,46.2646,-96.9483,16550,Richland_ND,11.51937412560642
1997,Iowa,Iowa,41.6863,-92.0655,16547,Iowa_IA,28.215534146133514
1998,Fountain,Indiana,40.1209,-87.242,16546,Fountain_IN,41.815562687962796
1999,Taylor,West Virginia,39.336,-80.0462,16543,Taylor_WV,95.74603542076629
2000,Alamosa,Colorado,37.5729,-105.7883,16515,Alamosa_CO,22.85054099676232
2001,Radford,Virginia,37.1229,-80.5587,16505,Radford_VA,1680.753564154786
2002,Holmes,Mississippi,33.1235,-90.0921,16491,Holmes_MS,21.813492063492063
2003,Clay,Iowa,43.0826,-95.1509,16446,Clay_IA,28.90892791225017
2004,Appomattox,Virginia,37.3723,-78.8126,16424,Appomattox_VA,49.219335311217
2005,Bayfield,Wisconsin,46.5237,-91.2009,16410,Bayfield_WI,11.116003386960204
2006,Sequatchie,Tennessee,35.3712,-85.4106,16409,Sequatchie_TN,61.722776001504606
2007,Parke,Indiana,39.7736,-87.2064,16346,Parke_IN,36.751579468039665
2008,Lee,South Carolina,34.1633,-80.2545,16330,Lee_SC,39.80014623446259
2009,Socorro,New Mexico,34.0072,-106.9302,16308,Socorro_NM,2.4536591237361582
2010,Crawford,Iowa,42.0372,-95.382,16289,Crawford_IA,22.802228568228905
2011,Brooks,Georgia,30.842,-83.5802,16285,Brooks_GA,32.99096470969572
2012,Potter,Pennsylvania,41.7449,-77.8958,16276,Potter_PA,15.054061803416667
2013,Lawrence,Arkansas,36.0412,-91.107,16265,Lawrence_AR,27.729000801268388
2014,Kanabec,Minnesota,45.9452,-93.2934,16261,Kanabec_MN,30.97746366182158
2015,Hill,Montana,48.6282,-110.1112,16260,Hill_MT,5.613943018133105
2016,Wayne,Tennessee,35.2399,-87.7881,16251,Wayne_TN,22.141533598561228
2017,Jasper,Mississippi,32.0191,-89.1189,16211,Jasper_MS,23.98076923076923
2018,Atchison,Kansas,39.5318,-95.3135,16211,Atchison_KS,37.49595225979553
2019,Dade,Georgia,34.8546,-85.5044,16196,Dade_GA,93.09115990343719
2020,Fayette,Alabama,33.7212,-87.7388,16173,Fayette_AL,25.767135073128767
2021,Lawrence,Kentucky,38.0679,-82.7348,16171,Lawrence_KY,38.6145470175271
2022,Rockcastle,Kentucky,37.3652,-84.316,16144,Rockcastle_KY,50.84244008440148
2023,Bates,Missouri,38.2573,-94.34,16121,Bates_MO,19.000082501443774
2024,Otoe,Nebraska,40.6485,-96.1348,16075,Otoe_NE,26.108918449219573
2025,Leon,Texas,31.2965,-95.9957,16067,Leon_TX,14.98731390619753
2026,Crawford,Wisconsin,43.2395,-90.931,16064,Crawford_WI,28.050079449614973
2027,Ashland,Wisconsin,46.3148,-90.6781,16050,Ashland_WI,15.376214289820085
2028,New Madrid,Missouri,36.5946,-89.6517,16041,New Madrid_MO,23.658943083435346
2029,Wayne,Illinois,38.4296,-88.4256,15994,Wayne_IL,22.403697996918336
2030,Casey,Kentucky,37.3223,-84.9283,15951,Casey_KY,35.79587531698122
2031,Benton,Tennessee,36.0698,-88.0683,15948,Benton_TN,40.39104447371087
2032,Van Buren,Arkansas,35.5806,-92.5158,15936,Van Buren_AR,22.39743643799806
2033,Aitkin,Minnesota,46.6082,-93.4155,15930,Aitkin_MN,8.756114989281592
2034,Phillips,Arkansas,34.4274,-90.8489,15910,Phillips_AR,22.96909062035313
2035,Trinity,California,40.6507,-123.1126,15886,Trinity_CA,4.997782049386367
2036,Brunswick,Virginia,36.7648,-77.859,15868,Brunswick_VA,28.028402868548415
2037,Sevier,Arkansas,33.9972,-94.2412,15797,Sevier_AR,28.01184523176224
2038,Grand,Colorado,40.1026,-106.1183,15794,Grand_CO,8.552692143154976
2039,Osage,Kansas,38.6523,-95.7269,15780,Osage_KS,22.430703624733475
2040,Henry,Kentucky,38.4485,-85.1189,15774,Henry_KY,54.52094566569888
2041,Gooding,Idaho,42.971,-114.8115,15740,Gooding_ID,21.538629957032214
2042,Neosho,Kansas,37.5585,-95.3068,15715,Neosho_KS,27.485789243550503
2043,Marquette,Wisconsin,43.8196,-89.3987,15706,Marquette_WI,34.48154734461788
2044,Pawnee,Oklahoma,36.3169,-96.6992,15689,Pawnee_OK,27.551629671255967
2045,Jefferson,Iowa,41.0318,-91.9489,15676,Jefferson_IA,36.008636927459
2046,Richland,Illinois,38.7124,-88.0851,15675,Richland_IL,43.524740378741605
2047,Marshall,Oklahoma,34.0245,-96.7691,15628,Marshall_OK,42.11150332785427
2048,Carroll,Illinois,42.0687,-89.9343,15621,Carroll_IL,35.165799959478626
2049,Mercer,Illinois,41.2053,-90.7414,15619,Mercer_IL,27.840362197426117
2050,Nottoway,Virginia,37.143,-78.0513,15597,Nottoway_VA,49.56936278404577
2051,Williamsburg,Virginia,37.2693,-76.7076,15564,Williamsburg_VA,1822.4824355971898
2052,Floyd,Virginia,36.9316,-80.3625,15560,Floyd_VA,40.816326530612244
2053,Union,Florida,30.0439,-82.3714,15551,Union_FL,64.71763286029382
2054,Brown,Indiana,39.1962,-86.2274,15543,Brown_IN,49.77582783577788
2055,Floyd,Iowa,43.0599,-92.789,15502,Floyd_IA,30.96931436790794
2056,Jefferson,Georgia,33.0549,-82.4182,15468,Jefferson_GA,29.314886762058183
2057,De Witt,Illinois,40.1746,-88.9041,15461,De Witt_IL,38.88777101463857
2058,Barbour,West Virginia,39.133,-80.003,15454,Barbour_WV,45.347574752780304
2059,Vermillion,Indiana,39.8538,-87.464,15452,Vermillion_IN,60.15025886566235
2060,Clarke,Mississippi,32.0414,-88.6894,15424,Clarke_MS,22.312555152111333
2061,Redwood,Minnesota,44.4037,-95.2538,15383,Redwood_MN,17.486046855285142
2062,West Feliciana,Louisiana,30.8798,-91.42,15381,West Feliciana_LA,37.88423645320197
2063,Jasper,Georgia,33.3165,-83.688,15345,Jasper_GA,41.425948922844334
2064,Tipton,Indiana,40.3113,-86.0519,15329,Tipton_IN,58.86938822535428
2065,Clark,Illinois,39.3336,-87.7877,15328,Clark_IL,30.564307078763708
2066,Grayson,Virginia,36.6565,-81.2249,15323,Grayson_VA,34.61729622266402
2067,Moniteau,Missouri,38.6328,-92.5831,15303,Moniteau_MO,36.74013252664938
2068,Roseau,Minnesota,48.7751,-95.8108,15301,Roseau_MN,9.20355366283511
2069,Torrance,New Mexico,34.6405,-105.8508,15290,Torrance_NM,4.571261147867891
2070,Kingfisher,Oklahoma,35.9454,-97.9421,15288,Kingfisher_OK,16.930232558139537
2071,Washington,Alabama,31.4076,-88.2079,15270,Washington_AL,14.130253733829326
2072,Cleburne,Alabama,33.6745,-85.5188,15254,Cleburne_AL,27.229074811231502
2073,Pemiscot,Missouri,36.2114,-89.7854,15232,Pemiscot_MO,30.89153889835321
2074,Oglethorpe,Georgia,33.8807,-83.0807,15221,Oglethorpe_GA,34.50613225726009
2075,Fleming,Kentucky,38.3701,-83.6967,15221,Fleming_KY,43.38444875156767
2076,Page,Iowa,40.7391,-95.1502,15168,Page_IA,28.360943868965258
2077,Macon,Missouri,39.8308,-92.5646,15163,Macon_MO,18.86484939721562
2078,Missaukee,Michigan,44.3374,-85.0947,15156,Missaukee_MI,26.74194971327746
2079,Lawrence,Illinois,38.72,-87.7268,15137,Lawrence_IL,40.69304801333405
2080,Clay,South Dakota,42.9146,-96.9756,15133,Clay_SD,36.766277939747326
2081,Jackson,Texas,28.9542,-96.5776,15081,Jackson_TX,18.181051007245415
2082,Clarke,Virginia,39.1123,-77.9967,15060,Clarke_VA,85.26780659042011
2083,Arenac,Michigan,44.0655,-83.8952,15054,Arenac_MI,41.036964344128236
2084,Larue,Kentucky,37.5458,-85.6979,15028,Larue_KY,57.09726443768997
2085,Pecos,Texas,30.781,-102.7235,14983,Pecos_TX,3.1452706532372168
2086,Mitchell,North Carolina,36.0133,-82.1636,14973,Mitchell_NC,67.61956374475004
2087,Alleghany,Virginia,37.7878,-80.0062,14962,Alleghany_VA,33.65045093673391
2088,Jackson,Louisiana,32.302,-92.5578,14939,Jackson_LA,26.220272049144363
2089,Sibley,Minnesota,44.5795,-94.2321,14933,Sibley_MN,25.368215408137264
2090,Bledsoe,Tennessee,35.5964,-85.2051,14905,Bledsoe_TN,36.682910021657804
2091,Hamilton,Iowa,42.3838,-93.7068,14893,Hamilton_IA,25.825414441284597
2092,Jeff Davis,Georgia,31.8056,-82.6368,14838,Jeff Davis_GA,44.50776891235227
2093,Karnes,Texas,28.9057,-97.8594,14819,Karnes_TX,19.75023989764367
2094,Nelson,Virginia,37.7874,-78.8868,14777,Nelson_VA,31.284005504392926
2095,Gasconade,Missouri,38.4409,-91.5079,14774,Gasconade_MO,28.37497839322412
2096,Gulf,Florida,29.9565,-85.2263,14772,Gulf_FL,26.635412910205552
2097,Hale,Alabama,32.7627,-87.6291,14749,Hale_AL,22.911423866778513
2098,Franklin,Idaho,42.1811,-111.8132,14715,Franklin_ID,22.113520580677157
2099,Jefferson,Florida,30.4375,-83.8953,14713,Jefferson_FL,24.614380834476528
2100,Pendleton,Kentucky,38.6956,-84.3603,14683,Pendleton_KY,52.33834747273116
2101,Cannon,Tennessee,35.8087,-86.0618,14661,Cannon_TN,55.191236259599464
2102,Harrison,Iowa,41.6829,-95.8168,14645,Harrison_IA,21.019921919853026
2103,Saline,Nebraska,40.5241,-97.1409,14642,Saline_NE,25.449299544617094
2104,Pike,Illinois,39.6225,-90.8863,14625,Pike_IL,17.61411537998314
2105,Kossuth,Iowa,43.2041,-94.2067,14610,Kossuth_IA,15.015261919199187
2106,Falls Church,Virginia,38.8847,-77.1751,14593,Falls Church_VA,7333.165829145729
2107,Renville,Minnesota,44.7268,-94.9471,14587,Renville_MN,14.840475318438937
2108,Nolan,Texas,32.3035,-100.406,14565,Nolan_TX,15.970744972477465
2109,Mills,Iowa,41.0334,-95.6213,14563,Mills_IA,33.36082285295398
2110,Carbon,Wyoming,41.6944,-106.9306,14549,Carbon_WY,1.8425458515173236
2111,Fulton,Pennsylvania,39.9254,-78.1127,14545,Fulton_PA,33.2403958223827
2112,Dent,Missouri,37.6066,-91.5079,14506,Dent_MO,19.25047110969557
2113,Moultrie,Illinois,39.6415,-88.6193,14469,Moultrie_IL,43.11382598331347
2114,San Juan,Utah,37.626,-109.8046,14466,San Juan_UT,1.8498295435654932
2115,Cedar,Missouri,37.7239,-93.8566,14440,Cedar_MO,30.34059630617948
2116,Harrison,Ohio,40.2938,-81.0911,14408,Harrison_OH,35.70490422025624
2117,Clay,Arkansas,36.3683,-90.4173,14399,Clay_AR,22.523072110120445
2118,Las Animas,Colorado,37.3158,-104.0386,14392,Las Animas_CO,3.015528126001806
2119,Bourbon,Kansas,37.8552,-94.8493,14384,Bourbon_KS,22.57765778775369
2120,Gogebic,Michigan,46.4087,-89.6943,14348,Gogebic_MI,13.021617991396367
2121,Livingston,Missouri,39.7821,-93.5482,14330,Livingston_MO,26.809099753049466
2122,Butler,Iowa,42.7316,-92.7902,14301,Butler_IA,24.64075261035873
2123,Choctaw,Oklahoma,34.0266,-95.5522,14299,Choctaw_OK,18.475831147519802
2124,Nantucket,Massachusetts,41.2831,-70.0692,14299,Nantucket_MA,299.07969044133023
2125,McKenzie,North Dakota,47.7402,-103.3953,14280,McKenzie_ND,5.20783947600674
2126,Atoka,Oklahoma,34.3737,-96.0378,14255,Atoka_OK,14.571343875537929
2127,Noble,Ohio,39.7659,-81.4556,14252,Noble_OH,35.719298245614034
2128,Hardy,West Virginia,39.0075,-78.858,14236,Hardy_WV,24.402200929052608
2129,Wetzel,West Virginia,39.6053,-80.6391,14233,Wetzel_WV,39.621958688269025
2130,York,Nebraska,40.8727,-97.5971,14231,York_NE,24.72118959107807
2131,Craig,Oklahoma,36.7617,-95.2085,14215,Craig_OK,18.67863290540452
2132,Trigg,Kentucky,36.8064,-87.8733,14211,Trigg_KY,32.07031955226575
2133,Smith,Mississippi,32.0177,-89.5067,14193,Smith_MS,22.31989809558257
2134,Clay,Alabama,33.269,-85.8605,14188,Clay_AL,23.448526616755085
2135,Calhoun,South Carolina,33.6749,-80.7803,14150,Calhoun_SC,37.21529640734312
2136,Rusk,Wisconsin,45.4752,-91.1332,14146,Rusk_WI,15.491770065598546
2137,Wadena,Minnesota,46.5858,-94.9694,14135,Wadena_MN,26.419573100071027
2138,O'Brien,Iowa,43.0838,-95.6249,14103,O'Brien_IA,24.609129615411458
2139,Estill,Kentucky,37.6924,-83.9643,14079,Estill_KY,55.44441381483086
2140,Price,Wisconsin,45.6804,-90.3614,14077,Price_WI,11.23858338123523
2141,Swain,North Carolina,35.4868,-83.4928,14065,Swain_NC,26.63321340655179
2142,Screven,Georgia,32.7506,-81.612,14057,Screven_GA,21.67818148170995
2143,Knott,Kentucky,37.354,-82.9541,14046,Knott_KY,39.88188193872626
2144,Allamakee,Iowa,43.2843,-91.3781,14038,Allamakee_IA,21.94946525736444
2145,Claiborne,Louisiana,32.8227,-92.9958,14019,Claiborne_LA,18.576823693102764
2146,Callahan,Texas,32.2976,-99.3735,14017,Callahan_TX,15.598361932741314
2147,Massac,Illinois,37.2189,-88.7076,13958,Massac_IL,58.389458272327964
2148,Morgan,Kentucky,37.9223,-83.2589,13938,Morgan_KY,36.557729633321095
2149,Crockett,Tennessee,35.8135,-89.1395,13937,Crockett_TN,52.53892260715498
2150,Madison,Virginia,38.4137,-78.2792,13931,Madison_VA,43.34204467674693
2151,Roane,West Virginia,38.714,-81.3483,13921,Roane_WV,28.787972785739395
2152,Dickenson,Virginia,37.1258,-82.3504,13920,Dickenson_VA,41.96436646468301
2153,Faribault,Minnesota,43.6739,-93.948,13909,Faribault_MN,19.49049227190561
2154,Pennington,Minnesota,48.0662,-96.0367,13877,Pennington_MN,22.50786648068252
2155,Ketchikan Gateway,Alaska,55.5852,-130.9282,13870,Ketchikan Gateway_AK,11.246979452165874
2156,Izard,Arkansas,36.0949,-91.9134,13866,Izard_AR,23.878900599297378
2157,Walthall,Mississippi,31.1484,-90.1061,13864,Walthall_MS,34.33212817591996
2158,Newton,Indiana,40.9558,-87.3976,13859,Newton_IN,34.48799303222595
2159,Stewart,Tennessee,36.5012,-87.8384,13859,Stewart_TN,30.228145175362066
2160,Zapata,Texas,27.0008,-99.1686,13855,Zapata_TX,13.900036117019143
2161,Trinity,Texas,31.0888,-95.1355,13850,Trinity_TX,19.99018532417297
2162,Chowan,North Carolina,36.1508,-76.6079,13814,Chowan_NC,80.016218721038
2163,Pend Oreille,Washington,48.5323,-117.274,13811,Pend Oreille_WA,9.863097831132567
2164,Lamar,Alabama,33.7791,-88.097,13809,Lamar_AL,22.830453831528477
2165,Murray,Oklahoma,34.4823,-97.0679,13807,Murray_OK,33.01135684399283
2166,Comanche,Texas,31.948,-98.5582,13786,Comanche_TX,14.702087043692478
2167,Converse,Wyoming,42.9723,-105.5072,13759,Converse_WY,3.2338203219013235
2168,Morgan,Ohio,39.6204,-81.8527,13758,Morgan_OH,32.94066944404539
2169,Archuleta,Colorado,37.1935,-107.0483,13730,Archuleta_CO,10.168713246730162
2170,Glacier,Montana,48.7051,-112.9947,13713,Glacier_MT,4.5790591440936055
2171,White,Illinois,38.0875,-88.1796,13708,White_IL,27.700204094004487
2172,Fremont,Idaho,44.2288,-111.4819,13701,Fremont_ID,7.339454455848636
2173,Washington,Illinois,38.3522,-89.4105,13682,Washington_IL,24.318799879134747
2174,Grundy,Tennessee,35.3884,-85.7226,13665,Grundy_TN,37.89937874417573
2175,Greene,Mississippi,31.2142,-88.6392,13595,Greene_MS,19.07213602311944
2176,Calhoun,Florida,30.406,-85.1972,13593,Calhoun_FL,23.96044490666479
2177,Martinsville,Virginia,36.6827,-79.8636,13584,Martinsville_VA,1239.4160583941605
2178,Shoshone,Idaho,47.3529,-115.8924,13580,Shoshone_ID,5.155832963161232
2179,Madison,Texas,30.9655,-95.9284,13574,Madison_TX,28.90237410837858
2180,Winn,Louisiana,31.9442,-92.6369,13506,Winn_LA,14.20951298803775
2181,Hamilton,Florida,30.4964,-82.9479,13445,Hamilton_FL,26.113895039428193
2182,Breathitt,Kentucky,37.5216,-83.3241,13438,Breathitt_KY,27.137058502796908
2183,Hughes,Oklahoma,35.0484,-96.2502,13411,Hughes_OK,16.62390142922663
2184,Ford,Illinois,40.5972,-88.2233,13396,Ford_IL,27.569458736365508
2185,Union,Kentucky,37.6584,-87.9454,13379,Union_KY,38.768472906403936
2186,Osage,Missouri,38.4604,-91.8618,13379,Osage_MO,22.073551005593043
2187,Johnson,Illinois,37.4597,-88.8809,13350,Johnson_IL,38.737196413544964
2188,Amelia,Virginia,37.336,-77.9761,13342,Amelia_VA,37.393497757847534
2189,Buffalo,Wisconsin,44.3798,-91.7545,13341,Buffalo_WI,19.490993031104356
2190,Monroe,Ohio,39.7274,-81.0829,13308,Monroe_OH,29.213680467137902
2191,Jackson,Kansas,39.4168,-95.7937,13277,Jackson_KS,20.251986760017694
2192,Crawford,Michigan,44.6837,-84.6103,13271,Crawford_MI,23.7780405647531
2193,Moffat,Colorado,40.6184,-108.2074,13258,Moffat_CO,2.795719331540935
2194,Reeves,Texas,31.323,-103.693,13219,Reeves_TX,5.01502344568038
2195,Millard,Utah,39.0733,-113.1008,13179,Millard_UT,2.0001123061769914
2196,Clay,Illinois,38.7542,-88.4902,13173,Clay_IL,28.072456046883325
2197,Mono,California,37.9391,-118.8868,13169,Mono_CA,4.325647089738537
2198,Bamberg,South Carolina,33.2148,-81.0542,13164,Bamberg_SC,33.47488874761602
2199,Perquimans,North Carolina,36.2059,-76.4411,13146,Perquimans_NC,53.18606627017842
2200,Crenshaw,Alabama,31.7315,-86.3136,13144,Crenshaw_AL,21.56238721742839
2201,Presque Isle,Michigan,45.3401,-83.918,13142,Presque Isle_MI,19.910009544442254
2202,Cass,Iowa,41.3315,-94.9278,13115,Cass_IA,23.239948257225382
2203,Meigs,Tennessee,35.5129,-84.8133,13076,Meigs_TN,67.10458790926819
2204,Powell,Kentucky,37.8311,-83.8237,13057,Powell_KY,72.48251360053293
2205,Calhoun,Mississippi,33.9365,-89.3365,13029,Calhoun_MS,22.213318784737616
2206,Lewis,Kentucky,38.5315,-83.3781,13028,Lewis_KY,26.890131891267107
2207,Jackson,Kentucky,37.4198,-84.0058,13003,Jackson_KY,37.545115929893456
2208,Lincoln,Arkansas,33.957,-91.7344,12966,Lincoln_AR,23.10406272273699
2209,Big Horn,Montana,45.4234,-107.4898,12963,Big Horn_MT,2.595293915083857
2210,Sanders,Montana,47.6748,-115.1333,12936,Sanders_MT,4.683274382098133
2211,Lamb,Texas,34.0686,-102.3517,12919,Lamb_TX,12.71292350990445
2212,Mason,Illinois,40.2396,-89.9168,12878,Mason_IL,23.895053252681187
2213,Kodiak Island,Alaska,57.6791,-153.7992,12878,Kodiak Island_AK,1.9631546453043895
2214,Webster,Kentucky,37.5184,-87.6832,12873,Webster_KY,38.4555638536221
2215,Cass,Illinois,39.9735,-90.2474,12826,Cass_IL,34.12077680234105
2216,Wright,Iowa,42.7331,-93.7352,12817,Wright_IA,22.070877531340404
2217,Bath,Kentucky,38.145,-83.7427,12812,Bath_KY,45.84555929292207
2218,Lewis,Tennessee,35.5273,-87.4931,12784,Lewis_TN,45.318869864227736
2219,Bienville,Louisiana,32.3473,-93.0561,12769,Bienville_LA,15.75175170235863
2220,Towns,Georgia,34.9167,-83.7373,12739,Towns_GA,76.4370574822993
2221,Wilbarger,Texas,34.0808,-99.241,12712,Wilbarger_TX,13.090849175128211
2222,Charlton,Georgia,30.7817,-82.1379,12711,Charlton_GA,16.280082482677358
2223,Howard,Arkansas,34.0889,-93.9936,12701,Howard_AR,21.621667631337036
2224,Boundary,Idaho,48.7669,-116.4629,12695,Boundary_ID,10.005438166470945
2225,Vinton,Ohio,39.251,-82.4853,12686,Vinton_OH,30.63659196290572
2226,Madison,Missouri,37.478,-90.345,12665,Madison_MO,25.49674873673827
2227,Camp,Texas,32.9732,-94.9785,12652,Camp_TX,64.05751607513544
2228,Caldwell,Kentucky,37.1454,-87.8679,12631,Caldwell_KY,36.4026745057352
2229,Amite,Mississippi,31.1744,-90.8044,12611,Amite_MS,17.284813596491226
2230,Goshen,Wyoming,42.0879,-104.3533,12587,Goshen_WY,5.6562651663580965
2231,Morgan,Utah,41.0893,-111.5732,12585,Morgan_UT,20.660614318782525
2232,Poquoson,Virginia,37.1309,-76.3569,12556,Poquoson_VA,809.020618556701
2233,Choctaw,Alabama,32.0198,-88.2632,12525,Choctaw_AL,13.710851550612473
2234,Rains,Texas,32.8703,-95.7934,12505,Rains_TX,53.889248006895066
2235,Jefferson,Montana,46.1485,-112.0938,12501,Jefferson_MT,7.545996716244929
2236,Allen,Kansas,37.8857,-95.3014,12491,Allen_KS,24.832508300033798
2237,Stone,Arkansas,35.8599,-92.1568,12474,Stone_AR,20.56413722613297
2238,Pulaski,Indiana,41.0419,-86.6988,12441,Pulaski_IN,28.68705035971223
2239,Yalobusha,Mississippi,34.0282,-89.7077,12439,Yalobusha_MS,26.62913170063367
2240,Franklin,Florida,29.8766,-84.8137,12418,Franklin_FL,22.8129477899842
2241,Bleckley,Georgia,32.4345,-83.3278,12414,Bleckley_GA,57.104742628455774
2242,Monroe,West Virginia,37.5604,-80.5505,12401,Monroe_WV,26.197266408940152
2243,Lake,Michigan,43.9901,-85.8016,12393,Lake_MI,21.840194558014943
2244,Chippewa,Minnesota,45.0223,-95.5667,12388,Chippewa_MN,21.25600549073439
2245,Butler,Kentucky,37.2073,-86.6816,12373,Butler_KY,28.903475985797048
2246,Tallahatchie,Mississippi,33.9505,-90.1733,12363,Tallahatchie_MS,19.199590011181513
2247,Grundy,Iowa,42.4019,-92.7914,12352,Grundy_IA,24.580605361087343
2248,Braxton,West Virginia,38.6999,-80.7193,12345,Braxton_WV,24.04183220378593
2249,Colfax,New Mexico,36.6061,-104.6468,12336,Colfax_NM,3.2836543964395135
2250,Todd,Kentucky,36.8357,-87.1792,12330,Todd_KY,32.76205659625349
2251,Glades,Florida,26.9564,-81.189,12324,Glades_FL,15.92988987125795
2252,Pamlico,North Carolina,35.1434,-76.7407,12315,Pamlico_NC,36.54953404166914
2253,Dawson,Texas,32.7426,-101.9476,12311,Dawson_TX,13.64765093231049
2254,Owyhee,Idaho,42.5814,-116.1699,12284,Owyhee_ID,1.599899973690997
2255,Skamania,Washington,46.023,-121.9147,12276,Skamania_WA,7.411074352225254
2256,Juab,Utah,39.7027,-112.7848,12273,Juab_UT,3.6184967008084348
2257,Morrow,Oregon,45.419,-119.5844,12249,Morrow_OR,6.026924098839784
2258,Edmonson,Kentucky,37.2088,-86.2384,12243,Edmonson_KY,40.45667834247571
2259,Appanoose,Iowa,40.7432,-92.8686,12242,Appanoose_IA,24.669017632241815
2260,Fulton,Arkansas,36.3817,-91.8182,12239,Fulton_AR,19.79908114404038
2261,Newton,Texas,30.7863,-93.7448,12193,Newton_TX,13.072939561912317
2262,Pike,Indiana,38.3988,-87.2322,12187,Pike_IN,36.251412933547506
2263,Crawford,Georgia,32.7145,-83.9863,12183,Crawford_GA,37.485000461524265
2264,Telfair,Georgia,31.9298,-82.939,12174,Telfair_GA,27.599809562674285
2265,Menard,Illinois,40.0274,-89.8022,12169,Menard_IL,38.72394590294352
2266,Valley,Idaho,44.7666,-115.5663,12136,Valley_ID,3.2997808484373894
2267,Northampton,Virginia,37.344,-75.8772,12115,Northampton_VA,58.422143993827454
2268,Teton,Idaho,43.7594,-111.2076,12101,Teton_ID,26.86961541877609
2269,Washington,Kentucky,37.7534,-85.1748,12091,Washington_KY,40.224225689477365
2270,Lyon,Iowa,43.3805,-96.2102,12087,Lyon_IA,20.573617021276597
2271,Northumberland,Virginia,37.8873,-76.4195,12085,Northumberland_VA,62.84451378055122
2272,Mississippi,Missouri,36.8281,-89.2911,12079,Mississippi_MO,29.235647206893212
2273,Rolette,North Dakota,48.7725,-99.8409,12065,Rolette_ND,13.369161726411434
2274,Union,Iowa,41.0277,-94.2424,12038,Union_IA,28.36541860081529
2275,Sumter,Alabama,32.5911,-88.1988,12020,Sumter_AL,13.28264857338608
2276,Morris,Texas,33.1135,-94.7326,12014,Morris_TX,47.204432045892105
2277,Blanco,Texas,30.2664,-98.3999,12008,Blanco_TX,16.88318992182667
2278,Blackford,Indiana,40.4736,-85.3249,12007,Blackford_IN,72.72562083585706
2279,Lunenburg,Virginia,36.9462,-78.2406,11990,Lunenburg_VA,27.77391707204077
2280,Little River,Arkansas,33.7009,-94.2352,11959,Little River_AR,22.490737780452484
2281,Macon,Georgia,32.3584,-84.0425,11953,Macon_GA,29.639456457052173
2282,Koochiching,Minnesota,48.2453,-93.7834,11950,Koochiching_MN,3.8519062906948256
2283,Custer,Montana,46.2527,-105.5717,11938,Custer_MT,3.1555880976863073
2284,Prowers,Colorado,37.9552,-102.3934,11931,Prowers_CO,7.273314719760055
2285,Lawrence,Mississippi,31.5502,-90.107,11883,Lawrence_MS,27.59445463623064
2286,Jackson,Tennessee,36.3592,-85.6732,11882,Jackson_TN,38.46801346801347
2287,Chickasaw,Iowa,43.0601,-92.3177,11868,Chickasaw_IA,23.517755231452124
2288,Linn,Missouri,39.8702,-93.1072,11850,Linn_MO,19.102119771096962
2289,Douglas,Missouri,36.9326,-92.4988,11850,Douglas_MO,14.548267098817723
2290,Greene,Illinois,39.3562,-90.3905,11837,Greene_IL,21.795650812940764
2291,Summers,West Virginia,37.6559,-80.8586,11833,Summers_WV,32.762964808815795
2292,Trousdale,Tennessee,36.3921,-86.1568,11805,Trousdale_TN,103.33508403361346
2293,Marion,Kansas,38.3589,-97.0969,11795,Marion_KS,12.506494470422325
2294,Shelby,Iowa,41.6851,-95.3102,11757,Shelby_IA,19.89912495980231
2295,Big Horn,Wyoming,44.5267,-107.9952,11737,Big Horn_WY,3.7414846716119596
2296,Marshall,Illinois,41.0332,-89.3448,11715,Marshall_IL,30.345024089519764
2297,Terry,Texas,33.1738,-102.3352,11699,Terry_TX,13.14671641120151
2298,Barton,Missouri,37.5023,-94.3471,11685,Barton_MO,19.663441312578883
2299,Haskell,Oklahoma,35.2248,-95.1166,11667,Haskell_OK,20.21905273555968
2300,Iron,Michigan,46.2087,-88.5305,11650,Iron_MI,9.988339792173944
2301,Red River,Texas,33.6207,-95.0503,11621,Red River_TX,11.065722066693327
2302,Heard,Georgia,33.297,-85.1283,11616,Heard_GA,39.23926629057866
2303,Cherokee,Iowa,42.7356,-95.6238,11587,Cherokee_IA,20.076236680239106
2304,Fergus,Montana,47.2636,-109.2245,11581,Fergus_MT,2.6689435998128674
2305,Ramsey,North Dakota,48.2689,-98.7201,11563,Ramsey_ND,9.759041228847535
2306,Sierra,New Mexico,33.1305,-107.1924,11511,Sierra_NM,2.753676233125929
2307,Decatur,Tennessee,35.603,-88.1088,11499,Decatur_TN,34.43845462713387
2308,Magoffin,Kentucky,37.7065,-83.0649,11495,Magoffin_KY,37.14775077559462
2309,Charlotte,Virginia,37.0116,-78.6616,11475,Charlotte_VA,24.158403334807048
2310,Perry,Mississippi,31.172,-88.9924,11459,Perry_MS,17.70604777650731
2311,Cottonwood,Minnesota,44.0071,-95.1812,11458,Cottonwood_MN,17.903404740699074
2312,Live Oak,Texas,28.3514,-98.1248,11444,Live Oak_TX,11.043134227540287
2313,Montgomery,Missouri,38.9415,-91.4702,11422,Montgomery_MO,21.251814088490306
2314,Conecuh,Alabama,31.4293,-86.9937,11411,Conecuh_AL,13.41224038834495
2315,Rio Grande,Colorado,37.5825,-106.3832,11394,Rio Grande_CO,12.498903027643703
2316,Clay,North Carolina,35.0572,-83.7502,11391,Clay_NC,53.05542617605962
2317,Pope,Minnesota,45.586,-95.4445,11363,Pope_MN,16.956158414659622
2318,Richland,Montana,47.7879,-104.5614,11329,Richland_MT,5.435945664534641
2319,Monroe,Kentucky,36.7122,-85.7165,11318,Monroe_KY,34.21299235210544
2320,Greensville,Virginia,36.6759,-77.5596,11304,Greensville_VA,38.26157595450853
2321,Okfuskee,Oklahoma,35.4655,-96.3228,11304,Okfuskee_OK,18.0933478455727
2322,Green,Kentucky,37.264,-85.5531,11278,Green_KY,39.0701863784383
2323,Lincoln,Washington,47.5763,-118.4187,11271,Lincoln_WA,4.876666334950091
2324,Owen,Kentucky,38.5197,-84.8281,11270,Owen_KY,32.004316465042315
2325,Ward,Texas,31.5095,-103.1025,11255,Ward_TX,13.471136698224994
2326,Wabash,Illinois,38.4461,-87.8443,11199,Wabash_IL,50.11410927641294
2327,McIntosh,Georgia,31.4963,-81.4103,11187,McIntosh_GA,25.809205213980853
2328,Jefferson Davis,Mississippi,31.5697,-89.823,11183,Jefferson Davis_MS,27.38179770328836
2329,Martin,Kentucky,37.8016,-82.5132,11181,Martin_KY,48.465539661898575
2330,DeKalb,Missouri,39.8932,-94.4047,11176,DeKalb_MO,26.34606317774635
2331,Watonwan,Minnesota,43.9784,-94.6141,11169,Watonwan_MN,25.704816920208973
2332,Bacon,Georgia,31.5537,-82.4527,11129,Bacon_GA,39.0559747324092
2333,Alleghany,North Carolina,36.4916,-81.127,11075,Alleghany_NC,47.19795440017047
2334,Lake,South Dakota,44.0221,-97.1294,11052,Lake_SD,19.622534311027465
2335,Desha,Arkansas,33.8309,-91.2551,11041,Desha_AR,14.432868403508543
2336,Dooly,Georgia,32.1572,-83.7988,11026,Dooly_GA,28.064548971696194
2337,Grant,West Virginia,39.1051,-79.1956,10972,Grant_WV,22.991974183273612
2338,Candler,Georgia,32.4034,-82.0737,10972,Candler_GA,44.442644199611145
2339,Wayne,Missouri,37.1126,-90.4614,10942,Wayne_MO,14.377882606467551
2340,Lake,Minnesota,47.6411,-91.4458,10911,Lake_MN,5.197793403075516
2341,Noble,Oklahoma,36.3886,-97.2305,10909,Noble_OK,14.905041672359612
2342,Washington,North Carolina,35.8225,-76.5775,10905,Washington_NC,31.294840153819667
2343,North Slope,Alaska,69.3119,-153.4813,10891,North Slope_AK,0.12262275561288184
2344,Carroll,Kentucky,38.6678,-85.1236,10878,Carroll_KY,83.61903297716965
2345,Carbon,Montana,45.2274,-109.0281,10877,Carbon_MT,5.311061089165475
2346,Lancaster,Virginia,37.7345,-76.4632,10876,Lancaster_VA,81.68844824996245
2347,Washington,Idaho,44.4524,-116.7847,10866,Washington_ID,7.461272247857614
2348,Mackinac,Michigan,46.0805,-85.0872,10865,Mackinac_MI,10.635486207639147
2349,Washita,Oklahoma,35.2904,-98.9922,10857,Washita_OK,10.820750485872328
2350,St. Helena,Louisiana,30.822,-90.7103,10849,St. Helena_LA,26.56724458810853
2351,Barnes,North Dakota,46.9361,-98.0716,10794,Barnes_ND,7.236281969630945
2352,Sussex,Virginia,36.9218,-77.2618,10793,Sussex_VA,21.993764391824424
2353,Pushmataha,Oklahoma,34.4162,-95.3759,10787,Pushmataha_OK,7.71983310790018
2354,Middlesex,Virginia,37.6303,-76.5698,10774,Middlesex_VA,82.68610897927859
2355,Ripley,Missouri,36.6528,-90.8638,10755,Ripley_MO,17.0858023416525
2356,Box Butte,Nebraska,42.2198,-103.0857,10754,Box Butte_NE,10.001022979847297
2357,Camden,North Carolina,36.3891,-76.208,10743,Camden_NC,44.63603124480638
2358,Evans,Georgia,32.1568,-81.8869,10740,Evans_GA,58.079169370538615
2359,Hancock,Iowa,43.0819,-93.7343,10718,Hancock_IA,18.766962581639262
2360,Louisa,Iowa,41.2185,-91.2596,10710,Louisa_IA,26.647093949044585
2361,Early,Georgia,31.3228,-84.9037,10683,Early_GA,20.896660994073116
2362,Roosevelt,Montana,48.2945,-105.0164,10665,Roosevelt_MT,4.527508914926134
2363,Winnebago,Iowa,43.3776,-93.7342,10648,Winnebago_IA,26.588758209104302
2364,Guthrie,Iowa,41.6837,-94.5011,10646,Guthrie_IA,18.025736539112767
2365,Red Willow,Nebraska,40.1758,-100.4769,10611,Red Willow_NE,14.806390846298752
2366,Essex,Virginia,37.9428,-76.9519,10604,Essex_VA,41.137448112658575
2367,Bollinger,Missouri,37.3222,-90.0259,10591,Bollinger_MO,17.061893868608436
2368,Mitchell,Iowa,43.3564,-92.789,10548,Mitchell_IA,22.49424208820268
2369,Custer,Nebraska,41.3943,-99.7261,10544,Custer_NE,4.093628552903859
2370,Colfax,Nebraska,41.574,-97.0865,10541,Colfax_NE,25.51435348792177
2371,Butte,South Dakota,44.9058,-103.5079,10538,Butte_SD,4.686659165402866
2372,Franklin,Texas,33.1755,-95.2184,10522,Franklin_TX,36.83399845970734
2373,Crawford,Indiana,38.2924,-86.4517,10494,Crawford_IN,34.330018319811565
2374,Walsh,North Dakota,48.3695,-97.7213,10488,Walsh_ND,8.182626741772902
2375,Gates,North Carolina,36.4449,-76.7005,10437,Gates_NC,30.642083321100376
2376,Clay,Texas,33.7855,-98.2085,10402,Clay_TX,9.475141644349712
2377,Ralls,Missouri,39.5277,-91.522,10394,Ralls_MO,22.067940552016985
2378,Cumberland,Illinois,39.2733,-88.2402,10378,Cumberland_IL,29.992485983469166
2379,Metcalfe,Kentucky,36.9905,-85.6292,10372,Metcalfe_KY,35.65486421450671
2380,Bradley,Arkansas,33.4664,-92.1624,10354,Bradley_AR,15.913806618200821
2381,Wilcox,Alabama,31.9893,-87.3082,10347,Wilcox_AL,11.643111131115813
2382,Johnston,Oklahoma,34.3165,-96.6606,10334,Johnston_OK,16.03413498836307
2383,Coosa,Alabama,32.9362,-86.2477,10323,Coosa_AL,15.82214456501747
2384,Alcona,Michigan,44.6854,-83.5938,10310,Alcona_MI,15.286983082009995
2385,Leslie,Kentucky,37.0941,-83.3811,10261,Leslie_KY,25.396628963195806
2386,Montgomery,Iowa,41.0301,-95.1564,10254,Montgomery_IA,24.1908087194489
2387,Roberts,South Dakota,45.6296,-96.9461,10219,Roberts_SD,9.279202382681971
2388,Nemaha,Kansas,39.7834,-96.0141,10213,Nemaha_KS,14.224432095154528
2389,Love,Oklahoma,33.9499,-97.2441,10196,Love_OK,19.783460747409677
2390,Pike,Arkansas,34.1635,-93.6564,10182,Pike_AR,16.885292117875327
2391,Bullock,Alabama,32.1005,-85.7157,10157,Bullock_AL,16.25093998496024
2392,Howard,Missouri,39.1425,-92.6963,10141,Howard_MO,21.773951131532613
2393,Noxubee,Mississippi,33.1102,-88.5698,10136,Noxubee_MS,14.588580722232617
2394,Lanier,Georgia,31.0379,-83.0628,10094,Lanier_GA,54.03061770688363
2395,Holt,Nebraska,42.4557,-98.7838,10093,Holt_NE,4.183349498064377
2396,Perry,Arkansas,34.9475,-92.9313,10073,Perry_AR,18.283297636766253
2397,Lowndes,Alabama,32.1547,-86.6501,10008,Lowndes_AL,13.93988355572889
2398,Marshall,Kansas,39.7836,-96.5229,10001,Marshall_KS,11.081072097326405
2399,Sabine,Texas,31.3432,-93.8518,9998,Sabine_TX,20.39284475901034
2400,Chicot,Arkansas,33.267,-91.2937,9997,Chicot_AR,15.522568824433645
2401,Franklin,Iowa,42.7325,-93.2625,9977,Franklin_IA,17.129661424352722
2402,Emery,Utah,38.9967,-110.7006,9968,Emery_UT,2.239069151027101
2403,Keokuk,Iowa,41.3365,-92.1786,9964,Keokuk_IA,17.2033356929505
2404,Jackson,Minnesota,43.6742,-95.1541,9964,Jackson_MN,14.20000285026151
2405,Lewis,Missouri,40.0969,-91.7221,9945,Lewis_MO,19.692679352884102
2406,Webster,Mississippi,33.6131,-89.2848,9942,Webster_MS,23.531917915216926
2407,Nome,Alaska,64.9111,-164.0274,9925,Nome_AK,0.4315046665544972
2408,Yuma,Colorado,40.0029,-102.4243,9921,Yuma_CO,4.193525207224648
2409,Switzerland,Indiana,38.8262,-85.037,9914,Switzerland_IN,44.82322090604937
2410,Benewah,Idaho,47.2176,-116.6587,9913,Benewah_ID,12.773332302498485
2411,Pulaski,Georgia,32.2323,-83.476,9893,Pulaski_GA,39.98464150028292
2412,Runnels,Texas,31.8311,-99.9762,9880,Runnels_TX,9.402986495103404
2413,Calhoun,Iowa,42.3852,-94.6404,9858,Calhoun_IA,17.290186792949225
2414,Martin,Indiana,38.708,-86.8031,9854,Martin_IN,29.315166299756054
2415,Ochiltree,Texas,36.2784,-100.8157,9852,Ochiltree_TX,10.737172500980863
2416,Scott,Arkansas,34.8607,-94.0633,9839,Scott_AR,11.007070300264017
2417,Carroll,Mississippi,33.4485,-89.9202,9828,Carroll_MS,15.656412788937919
2418,Duval,Texas,27.6814,-98.5089,9824,Duval_TX,5.47997166301298
2419,Grundy,Missouri,40.1139,-93.5653,9822,Grundy_MO,22.53682713046671
2420,McLean,North Dakota,47.6069,-101.3218,9807,McLean_ND,4.647977440223702
2421,Swift,Minnesota,45.2827,-95.6815,9787,Swift_MN,13.162885155945288
2422,Wayne,Nebraska,42.2093,-97.1193,9786,Wayne_NE,22.06887220079832
2423,Sac,Iowa,42.3862,-95.1054,9759,Sac_IA,16.94800458476607
2424,Madison,Louisiana,32.3644,-91.2427,9757,Madison_LA,15.633963050201093
2425,Parmer,Texas,34.5301,-102.7845,9752,Parmer_TX,11.06095320191457
2426,Cumberland,Virginia,37.5121,-78.245,9745,Cumberland_VA,32.65203551683699
2427,Linn,Kansas,38.2123,-94.843,9723,Linn_KS,16.24100088529574
2428,Montgomery,Mississippi,33.4941,-89.6164,9708,Montgomery_MS,23.86137397075089
2429,McCormick,South Carolina,33.8995,-82.3099,9701,McCormick_SC,26.98019801980198
2430,Grand,Utah,38.982,-109.5698,9697,Grand_UT,2.6339377872423646
2431,Clarke,Iowa,41.029,-93.7852,9690,Clarke_IA,22.47634069400631
2432,Stevens,Minnesota,45.5861,-96.0003,9686,Stevens_MN,17.233035618973066
2433,Marion,Texas,32.798,-94.3572,9631,Marion_TX,25.264290023871357
2434,Rock,Minnesota,43.6747,-96.2532,9628,Rock_MN,19.949855991380204
2435,West Carroll,Louisiana,32.7885,-91.4568,9622,West Carroll_LA,26.772398441847525
2436,Beaverhead,Montana,45.1327,-112.8988,9590,Beaverhead_MT,1.7303254419186223
2437,Tunica,Mississippi,34.6507,-90.375,9586,Tunica_MS,21.07693322486313
2438,Humboldt,Iowa,42.7765,-94.2072,9573,Humboldt_IA,22.03678552519509
2439,Mountrail,North Dakota,48.2013,-102.3557,9567,Mountrail_ND,5.245267088100968
2440,Caldwell,Louisiana,32.0925,-92.1166,9563,Caldwell_LA,18.063163461901706
2441,Wilkes,Georgia,33.7819,-82.7432,9553,Wilkes_GA,20.26645734773108
2442,Zavala,Texas,28.8662,-99.7605,9532,Zavala_TX,7.340890887807282
2443,Deer Lodge,Montana,46.0608,-113.0678,9512,Deer Lodge_MT,12.90672745529051
2444,Somervell,Texas,32.2222,-97.7746,9510,Somervell_TX,50.809424587273604
2445,Yellow Medicine,Minnesota,44.7162,-95.8684,9509,Yellow Medicine_MN,12.54551691382131
2446,Latimer,Oklahoma,34.876,-95.2504,9495,Latimer_OK,13.14787376933409
2447,Iron,Missouri,37.5552,-90.7734,9482,Iron_MO,17.198099176551672
2448,Cheyenne,Nebraska,41.2198,-102.995,9478,Cheyenne_NE,7.9224969490278685
2449,Brewster,Texas,29.8119,-103.2517,9464,Brewster_TX,1.5282732159784
2450,Howard,Iowa,43.3568,-92.3172,9459,Howard_IA,19.980988593155896
2451,Greenlee,Arizona,33.2152,-109.2402,9452,Greenlee_AZ,5.1174878180833785
2452,St. Clair,Missouri,38.0372,-93.776,9451,St. Clair_MO,13.96713268111016
2453,Hamilton,Nebraska,40.873,-98.0229,9438,Hamilton_NE,17.3594761624485
2454,Brown,Kansas,39.8265,-95.5642,9415,Brown_KS,16.498151295845236
2455,Nowata,Oklahoma,36.7985,-95.6174,9392,Nowata_OK,16.624480042481633
2456,Rice,Kansas,38.3472,-98.201,9389,Rice_KS,12.922183379669134
2457,Irwin,Georgia,31.6022,-83.2764,9385,Irwin_GA,26.30251394299487
2458,Montmorency,Michigan,45.0276,-84.1272,9372,Montmorency_MI,17.113744681628106
2459,Clear Creek,Colorado,39.6891,-105.6444,9358,Clear Creek_CO,23.66418004804653
2460,Pipestone,Minnesota,44.023,-96.2587,9352,Pipestone_MN,20.07340788598167
2461,Emmet,Iowa,43.3781,-94.6785,9316,Emmet_IA,23.54070854601506
2462,Todd,South Dakota,43.1934,-100.7184,9293,Todd_SD,6.694666167190157
2463,Charles Mix,South Dakota,43.2079,-98.5879,9281,Charles Mix_SD,8.45595269550006
2464,Stephens,Texas,32.7359,-98.8362,9278,Stephens_TX,10.370651882321381
2465,Forest,Wisconsin,45.6673,-88.7704,9261,Forest_WI,9.132685765001726
2466,Jones,North Carolina,35.0217,-77.3552,9245,Jones_NC,19.591845384419766
2467,Clinton,Kentucky,36.7274,-85.1362,9240,Clinton_KY,46.79428745062291
2468,Jasper,Illinois,39.0101,-88.1538,9233,Jasper_IL,18.675161812297734
2469,Johnson,Georgia,32.7015,-82.6601,9192,Johnson_GA,30.211003746795505
2470,Chattahoochee,Georgia,32.347,-84.787,9181,Chattahoochee_GA,36.905575431121115
2471,Davis,Iowa,40.7477,-92.4097,9127,Davis_IA,18.136475637866624
2472,McLean,Kentucky,37.5292,-87.2636,9127,McLean_KY,35.890680298859614
2473,Pratt,Kansas,37.6477,-98.7396,9120,Pratt_KS,12.408332086150832
2474,Seminole,Georgia,30.9388,-84.8688,9117,Seminole_GA,38.300285666274576
2475,Stillwater,Montana,45.6691,-109.3952,9052,Stillwater_MT,5.042644101409957
2476,Richmond,Virginia,37.9426,-76.7252,9047,Richmond_VA,47.25268985688916
2477,Richmond,Virginia,37.9426,-76.7252,9047,Richmond_VA,150.60762443815548
2478,Hancock,Kentucky,37.8415,-86.7779,9032,Hancock_KY,47.83898305084745
2479,Mitchell,Texas,32.3062,-100.9211,8989,Mitchell_TX,9.877587798338535
2480,Phelps,Nebraska,40.5111,-99.4145,8983,Phelps_NE,16.636109413485933
2481,Cuming,Nebraska,41.9164,-96.7874,8976,Cuming_NE,15.692307692307692
2482,Madison,Montana,45.3007,-111.9203,8975,Madison_MT,2.5024117952120988
2483,Cloud,Kansas,39.4803,-97.6493,8973,Cloud_KS,12.53860235037659
2484,Crittenden,Kentucky,37.3527,-88.0972,8972,Crittenden_KY,24.77494891478434
2485,Marshall,Minnesota,48.3581,-96.3685,8961,Marshall_MN,5.056312914729382
2486,Livingston,Kentucky,37.2096,-88.3537,8941,Livingston_KY,28.287142495570745
2487,Terrell,Georgia,31.777,-84.437,8941,Terrell_GA,26.660106747771117
2488,Clearwater,Idaho,46.6736,-115.6567,8921,Clearwater_ID,3.6243601202567644
2489,Turner,Georgia,31.7164,-83.6241,8915,Turner_GA,31.168059294479605
2490,Claiborne,Mississippi,31.9737,-90.9118,8908,Claiborne_MS,18.300223925057008
2491,Palo Alto,Iowa,43.0821,-94.6781,8902,Palo Alto_IA,15.788446872284197
2492,Caldwell,Missouri,39.6557,-93.9827,8890,Caldwell_MO,20.706200214282386
2493,Dawson,Montana,47.2664,-104.8995,8874,Dawson_MT,3.7393495537557837
2494,White Pine,Nevada,39.4422,-114.9016,8856,White Pine_NV,0.9977489809575957
2495,Kemper,Mississippi,32.7546,-88.6412,8855,Kemper_MS,11.558090663464425
2496,Lyon,Kentucky,37.0191,-88.0832,8831,Lyon_KY,40.941121928604545
2497,Alger,Michigan,46.4086,-86.604,8813,Alger_MI,9.601996012333439
2498,Sublette,Wyoming,42.7669,-109.9147,8806,Sublette_WY,1.8035583719229833
2499,Wilkinson,Georgia,32.8024,-83.1712,8795,Wilkinson_GA,19.695001791472592
2500,Wilcox,Georgia,31.9729,-83.4323,8784,Wilcox_GA,23.097554562187746
2501,Ozark,Missouri,36.6493,-92.4447,8773,Ozark_MO,11.821060432527117
2502,Turner,South Dakota,43.3109,-97.1487,8772,Turner_SD,14.221328750689016
2503,Gallatin,Kentucky,38.7569,-84.8593,8749,Gallatin_KY,88.54366966906183
2504,Catahoula,Louisiana,31.6662,-91.847,8738,Catahoula_LA,12.418105592268883
2505,Archer,Texas,33.6153,-98.6877,8734,Archer_TX,9.600967351874244
2506,Greene,Iowa,42.0363,-94.3968,8722,Greene_IA,15.344557625657536
2507,Benton,Indiana,40.6063,-87.3109,8708,Benton_IN,21.43191159459526
2508,Oregon,Missouri,36.6867,-91.4033,8704,Oregon_MO,10.99823098306798
2509,Custer,South Dakota,43.6776,-103.4515,8686,Custer_SD,5.576205791909815
2510,Lucas,Iowa,41.0294,-93.3277,8685,Lucas_IA,20.171873185460456
2511,Montgomery,Georgia,32.1734,-82.5348,8675,Montgomery_GA,35.36053478987486
2512,Jenkins,Georgia,32.7924,-81.9635,8674,Jenkins_GA,24.796318001200653
2513,Monroe,Missouri,39.4954,-92.0007,8672,Monroe_MO,13.424564227994674
2514,Modoc,California,41.5898,-120.725,8646,Modoc_CA,2.192135087852742
2515,Hancock,Georgia,33.2704,-83.0007,8630,Hancock_GA,18.23444895199459
2516,Jack,Texas,33.2335,-98.1725,8623,Jack_TX,9.407490644876228
2517,Monona,Iowa,42.0516,-95.9599,8619,Monona_IA,12.43507617728532
2518,Woods,Oklahoma,36.7669,-98.8651,8619,Woods_OK,6.699207971583357
2519,Quay,New Mexico,35.1043,-103.5498,8616,Quay_NM,2.9969425342530083
2520,Platte,Wyoming,42.1331,-104.9659,8606,Platte_WY,4.127716518060558
2521,Blaine,Oklahoma,35.8752,-98.4334,8603,Blaine_OK,9.26618054134399
2522,Johnson,Wyoming,44.0388,-106.5847,8602,Johnson_WY,2.064671601524622
2523,Clearwater,Minnesota,47.5777,-95.379,8579,Clearwater_MN,8.624624262347819
2524,Montgomery,Arkansas,34.5389,-93.6596,8571,Montgomery_AR,10.975375513810457
2525,Perry,Tennessee,35.6426,-87.859,8561,Perry_TN,20.63438501771554
2526,Wilson,Kansas,37.5593,-95.7434,8559,Wilson_KS,14.916087206566635
2527,Trimble,Kentucky,38.613,-85.3375,8531,Trimble_KY,57.31273093718509
2528,Mathews,Virginia,37.4353,-76.3438,8517,Mathews_VA,99.4047619047619
2529,Lee,Arkansas,34.7805,-90.7808,8511,Lee_AR,14.145863112056643
2530,Dimmit,Texas,28.4226,-99.7566,8507,Dimmit_TX,6.391867218669932
2531,Hickory,Missouri,37.9408,-93.3207,8501,Hickory_MO,21.32553997441236
2532,Warren,Indiana,40.3469,-87.3533,8469,Warren_IN,23.2103705327779
2533,Carroll,Missouri,39.427,-93.5052,8459,Carroll_MO,12.176128512206356
2534,Kiowa,Oklahoma,34.9164,-98.9809,8458,Kiowa_OK,8.336618829837565
2535,Daviess,Missouri,39.9608,-93.9855,8449,Daviess_MO,14.902023034728469
2536,Maries,Missouri,38.1616,-91.9249,8435,Maries_MO,15.98355219525136
2537,Bracken,Kentucky,38.6888,-84.0901,8427,Bracken_KY,41.46737525834072
2538,Butler,Nebraska,41.2261,-97.1318,8413,Butler_NE,14.415942699497934
2539,Sitka,Alaska,57.2424,-135.3145,8393,Sitka_AK,2.9203404338234784
2540,Wilkinson,Mississippi,31.1611,-91.3109,8376,Wilkinson_MS,12.377715383478646
2541,Ritchie,West Virginia,39.1783,-81.063,8372,Ritchie_WV,18.46045291173293
2542,Knox,Nebraska,42.6368,-97.8919,8362,Knox_NE,7.5461141392628965
2543,Cedar,Nebraska,42.5993,-97.2524,8344,Cedar_NE,11.272172162706186
2544,Mercer,North Dakota,47.3092,-101.8315,8341,Mercer_ND,7.978077265205789
2545,Oscoda,Michigan,44.6818,-84.1298,8338,Oscoda_MI,14.757522123893805
2546,Hamilton,Texas,31.7048,-98.1107,8320,Hamilton_TX,9.955606609948427
2547,Coffey,Kansas,38.2369,-95.7341,8304,Coffey_KS,13.186184994045256
2548,Houston,Tennessee,36.286,-87.7171,8293,Houston_TN,41.42150741721193
2549,Atkinson,Georgia,31.2971,-82.8801,8261,Atkinson_GA,24.437936338894804
2550,Lake,Oregon,42.7935,-120.3874,8254,Lake_OR,1.014534615739176
2551,Webster,West Virginia,38.4947,-80.4219,8253,Webster_WV,14.844326132705001
2552,Baraga,Michigan,46.6626,-88.3652,8249,Baraga_MI,9.125
2553,Keith,Nebraska,41.1988,-101.6615,8239,Keith_NE,7.763413301170307
2554,Rosebud,Montana,46.2297,-106.7307,8236,Rosebud_MT,1.6431348842962512
2555,Perry,Alabama,32.6385,-87.2944,8231,Perry_AL,11.440206816033802
2556,Nevada,Arkansas,33.664,-93.3072,8228,Nevada_AR,13.272038067586095
2557,Franklin,Virginia,36.6831,-76.9386,8212,Franklin_VA,11.865680268177089
2558,Franklin,Virginia,36.6831,-76.9386,8212,Franklin_VA,983.4730538922156
2559,Dawes,Nebraska,42.7197,-103.1354,8212,Dawes_NE,5.881510342061537
2560,Harrison,Missouri,40.3547,-93.992,8198,Harrison_MO,11.305559003213217
2561,Tyler,West Virginia,39.4653,-80.8848,8181,Tyler_WV,31.76347258891132
2562,Choctaw,Mississippi,33.3473,-89.2484,8172,Choctaw_MS,19.498926270579812
2563,Lemhi,Idaho,44.9433,-113.9333,8166,Lemhi_ID,1.789157260043469
2564,Prairie,Arkansas,34.8297,-91.5528,8162,Prairie_AR,12.636044153391236
2565,Murray,Minnesota,44.0221,-95.7633,8119,Murray_MN,11.525630651732607
2566,Schoolcraft,Michigan,46.1966,-86.1996,8093,Schoolcraft_MI,6.869477383266418
2567,Clay,Kansas,39.3497,-97.1652,8071,Clay_KS,12.535723161033797
2568,Boise,Idaho,43.9891,-115.7303,8045,Boise_ID,4.228735426763243
2569,Graham,North Carolina,35.3502,-83.8335,8041,Graham_NC,27.531071318519533
2570,Lafayette,Florida,29.9855,-83.1811,8035,Lafayette_FL,14.801783214206763
2571,San Miguel,Colorado,38.0038,-108.4059,8026,San Miguel_CO,6.238631947143412
2572,Power,Idaho,42.6937,-112.8407,8018,Power_ID,5.7044473060751155
2573,Kane,Utah,37.2851,-111.8879,7996,Kane_UT,2.0030260824256754
2574,Traill,North Dakota,47.4542,-97.1616,7980,Traill_ND,9.258722110710183
2575,Hamilton,Illinois,38.0816,-88.5391,7972,Hamilton_IL,18.319698501700522
2576,Clay,West Virginia,38.4625,-81.0751,7946,Clay_WV,23.206775700934582
2577,Thomas,Kansas,39.3509,-101.0555,7913,Thomas_KS,7.362436963843764
2578,San Augustine,Texas,31.3942,-94.1682,7889,San Augustine_TX,14.944967510940193
2579,Twiggs,Georgia,32.6672,-83.4271,7869,Twiggs_GA,21.8407394043687
2580,Searcy,Arkansas,35.911,-92.6995,7861,Searcy_AR,11.782957355916961
2581,Pocahontas,West Virginia,38.3318,-80.0078,7855,Pocahontas_WV,8.3538057407821
2582,Anderson,Kansas,38.2142,-95.2933,7819,Anderson_KS,13.413504425993276
2583,Richardson,Nebraska,40.125,-95.7175,7797,Richardson_NE,14.092831580088928
2584,Taylor,Georgia,32.5555,-84.2505,7786,Taylor_GA,20.628444256040694
2585,Lincoln,Georgia,33.7936,-82.4512,7773,Lincoln_GA,36.82315599981051
2586,Doddridge,West Virginia,39.2692,-80.707,7767,Doddridge_WV,24.239303436007862
2587,Coleman,Texas,31.7732,-99.4536,7765,Coleman_TX,6.161720361847325
2588,Allendale,South Carolina,32.9881,-81.3582,7738,Allendale_SC,18.95639392454679
2589,Washakie,Wyoming,43.905,-107.6828,7708,Washakie_WY,3.440979259484121
2590,Merrick,Nebraska,41.169,-98.038,7696,Merrick_NE,15.871968322059066
2591,Ballard,Kentucky,37.0585,-88.9995,7678,Ballard_KY,30.57015448319796
2592,Decatur,Iowa,40.7377,-93.7863,7669,Decatur_IA,14.420834900338475
2593,Major,Oklahoma,36.3116,-98.5359,7656,Major_OK,8.002006772858397
2594,Nicholas,Kentucky,38.3356,-84.0153,7655,Nicholas_KY,38.934947357713234
2595,Franklin,Mississippi,31.4772,-90.8979,7655,Franklin_MS,13.558271342543392
2596,Liberty,Florida,30.2413,-84.8829,7650,Liberty_FL,9.152140883151686
2597,Dade,Missouri,37.4321,-93.8503,7627,Dade_MO,15.55451319492597
2598,Clay,Tennessee,36.5511,-85.5439,7621,Clay_TN,32.27732836389818
2599,Northwest Arctic,Alaska,67.0598,-159.7062,7611,Northwest Arctic_AK,0.21201537452706729
2600,Benton,Mississippi,34.8173,-89.1885,7592,Benton_MS,18.663192310528775
2601,Yoakum,Texas,33.173,-102.8278,7589,Yoakum_TX,9.48921537980619
2602,Greene,Alabama,32.8531,-87.9522,7589,Greene_AL,11.750042578227816
2603,Pleasants,West Virginia,39.371,-81.1606,7572,Pleasants_WV,57.920905683469755
2604,Humphreys,Mississippi,33.1287,-90.5266,7570,Humphreys_MS,18.10614939367122
2605,McCulloch,Texas,31.1989,-99.3475,7565,McCulloch_TX,7.074655619044057
2606,Monroe,Iowa,41.0298,-92.869,7546,Monroe_IA,17.410765787591426
2607,Grant,South Dakota,45.1719,-96.7677,7544,Grant_SD,11.053317900104028
2608,Valley,Montana,48.3653,-106.6675,7540,Valley_MT,1.5322089006299533
2609,Winkler,Texas,31.8501,-103.0483,7540,Winkler_TX,8.964984245883123
2610,Conejos,Colorado,37.2007,-106.1916,7536,Conejos_CO,5.854477090163297
2611,Wallowa,Oregon,45.5799,-117.181,7532,Wallowa_OR,2.394653678139724
2612,Red River,Louisiana,32.0931,-93.3398,7529,Red River_LA,19.34033753756839
2613,Harney,Oregon,43.0641,-118.968,7515,Harney_OR,0.7415389078508396
2614,Doniphan,Kansas,39.7881,-95.1468,7492,Doniphan_KS,19.103472895099188
2615,Cleveland,Arkansas,33.8984,-92.1852,7491,Cleveland_AR,12.532204637467796
2616,Marion,Georgia,32.3535,-84.5246,7474,Marion_GA,20.365122615803816
2617,Adair,Iowa,41.3307,-94.471,7471,Adair_IA,13.123133672931672
2618,Wheeler,Georgia,32.117,-82.7246,7434,Wheeler_GA,24.969770253929866
2619,Lexington,Virginia,37.7825,-79.444,7420,Lexington_VA,2979.9196787148594
2620,Lake,Colorado,39.2025,-106.3448,7411,Lake_CO,19.663562312611106
2621,Rappahannock,Virginia,38.6848,-78.1592,7409,Rappahannock_VA,27.79382526165735
2622,Chariton,Missouri,39.5151,-92.9626,7406,Chariton_MO,9.79798113432204
2623,Grand Isle,Vermont,44.7981,-73.2948,7393,Grand Isle_VT,89.48196562575647
2624,Hutchinson,South Dakota,43.3349,-97.7544,7393,Hutchinson_SD,9.095494697472995
2625,Worth,Iowa,43.3774,-93.2608,7380,Worth_IA,18.45
2626,Gilmer,West Virginia,38.9241,-80.8571,7376,Gilmer_WV,21.690927804734596
2627,Lee,Kentucky,37.5948,-83.7162,7375,Lee_KY,35.142475936338506
2628,Pepin,Wisconsin,44.5829,-92.0016,7372,Pepin_WI,31.737558119510936
2629,Crook,Wyoming,44.5885,-104.5699,7339,Crook_WY,2.567349637408652
2630,Elliott,Kentucky,38.1179,-83.0976,7336,Elliott_KY,31.35578731407078
2631,Castro,Texas,34.5299,-102.2617,7328,Castro_TX,8.157540270062674
2632,Ferry,Washington,48.4703,-118.5166,7326,Ferry_WA,3.323986606049057
2633,Pierce,Nebraska,42.2644,-97.6013,7312,Pierce_NE,12.740229644730194
2634,Broadwater,Montana,46.3324,-111.4955,7310,Broadwater_MT,6.135896252150921
2635,Grant,Kansas,37.5623,-101.308,7284,Grant_KS,12.670911178373865
2636,Kingman,Kansas,37.5589,-98.1363,7284,Kingman_KS,8.436902762494933
2637,Grant,Oregon,44.4916,-119.0073,7238,Grant_OR,1.5982864461422954
2638,Van Buren,Iowa,40.7532,-91.95,7236,Van Buren_IA,14.925126851202508
2639,East Carroll,Louisiana,32.7325,-91.235,7195,East Carroll_LA,17.072418375094912
2640,Dallam,Texas,36.2779,-102.6022,7180,Dallam_TX,4.771747004366348
2641,Fall River,South Dakota,43.2394,-103.5275,7179,Fall River_SD,4.126194061591162
2642,Newton,Arkansas,35.92,-93.2179,7175,Newton_AR,8.71842229971931
2643,Beaver,Utah,38.357,-113.2355,7172,Beaver_UT,2.7691654279040137
2644,Jefferson,Nebraska,40.1757,-97.1427,7155,Jefferson_NE,12.486693076909653
2645,Shannon,Missouri,37.1574,-91.4005,7137,Shannon_MO,7.109769582499029
2646,Jefferson,Mississippi,31.7342,-91.0373,7127,Jefferson_MS,13.721866035156626
2647,Caribou,Idaho,42.7705,-111.5623,7118,Caribou_ID,4.030554753370592
2648,Goliad,Texas,28.6571,-97.4264,7096,Goliad_TX,8.313806354859874
2649,Bailey,Texas,34.0686,-102.8299,7044,Bailey_TX,8.520727237537649
2650,Pocahontas,Iowa,42.7342,-94.6787,7040,Pocahontas_IA,12.186255842132594
2651,Nemaha,Nebraska,40.3877,-95.8498,7035,Nemaha_NE,17.18788174932812
2652,Powell,Montana,46.8564,-112.9361,7029,Powell_MT,3.0220040069821232
2653,Union,Indiana,39.6256,-84.9252,7028,Union_IN,43.50355926957598
2654,Bon Homme,South Dakota,42.9885,-97.8846,7024,Bon Homme_SD,12.468491497142045
2655,Kit Carson,Colorado,39.3055,-102.603,7015,Kit Carson_CO,3.246377616423015
2656,Blaine,Montana,48.4327,-108.9586,6997,Blaine_MT,1.6556322731166206
2657,Brooks,Texas,27.0316,-98.2187,6987,Brooks_TX,7.407132558731236
2658,Swisher,Texas,34.5304,-101.735,6981,Swisher_TX,7.752962473484891
2659,Tillman,Oklahoma,34.3728,-98.9242,6967,Tillman_OK,7.989953782813629
2660,Wabaunsee,Kansas,38.9533,-96.205,6961,Wabaunsee_KS,8.729840226742581
2661,Huerfano,Colorado,37.6847,-104.9606,6946,Huerfano_CO,4.366164425754461
2662,La Salle,Texas,28.3452,-99.0996,6946,La Salle_TX,4.665345736642375
2663,Ida,Iowa,42.3869,-95.5135,6944,Ida_IA,16.084871788932386
2664,Southeast Fairbanks,Alaska,63.8762,-143.213,6936,Southeast Fairbanks_AK,0.279509938802798
2665,Weston,Wyoming,43.8404,-104.5677,6835,Weston_WY,2.8504583253400946
2666,Schuyler,Illinois,40.158,-90.6151,6826,Schuyler_IL,15.609064508014908
2667,Hancock,Tennessee,36.5236,-83.2219,6790,Hancock_TN,30.545683566512214
2668,Pembina,North Dakota,48.7675,-97.5518,6787,Pembina_ND,6.06659217877095
2669,Forest,Pennsylvania,41.513,-79.236,6785,Forest_PA,15.848360272820704
2670,Childress,Texas,34.5291,-100.2076,6772,Childress_TX,9.533462848776642
2671,Burt,Nebraska,41.8515,-96.3286,6730,Burt_NE,13.6574872658644
2672,Clinch,Georgia,30.915,-82.7063,6722,Clinch_GA,8.306046040356362
2673,Russell,Kansas,38.9148,-98.7624,6717,Russell_KS,7.592575846633811
2674,Tucker,West Virginia,39.1136,-79.565,6698,Tucker_WV,15.990641487812448
2675,Galax,Virginia,36.666,-80.9176,6698,Galax_VA,813.8517618469016
2676,Kearney,Nebraska,40.5067,-98.948,6697,Kearney_NE,12.9779276398659
2677,Lac qui Parle,Minnesota,44.9955,-96.1735,6694,Lac qui Parle_MN,8.75181403375737
2678,Refugio,Texas,28.3253,-97.1656,6693,Refugio_TX,8.689837836434219
2679,Lake,Tennessee,36.3352,-89.4935,6691,Lake_TN,40.9435809570432
2680,Charles City,Virginia,37.3567,-77.0622,6686,Charles City_VA,36.58349748303787
2681,Monroe,Arkansas,34.6778,-91.2039,6681,Monroe_AR,11.012939915931756
2682,Clark,Missouri,40.4103,-91.7384,6680,Clark_MO,13.16749127752262
2683,King and Queen,Virginia,37.7186,-76.8953,6676,King and Queen_VA,21.1092139378992
2684,Thurston,Nebraska,42.1582,-96.544,6666,Thurston_NE,16.926944465605242
2685,Buena Vista,Virginia,37.7319,-79.3569,6612,Buena Vista_VA,968.0819912152269
2686,Moore,Tennessee,35.2846,-86.3587,6611,Moore_TN,51.17665273262114
2687,Fremont,Iowa,40.7456,-95.6047,6570,Fremont_IA,12.855130312279877
2688,Bear Lake,Idaho,42.2848,-111.3297,6552,Bear Lake_ID,6.745043134509666
2689,Surry,Virginia,37.1098,-76.9002,6552,Surry_VA,23.476297968397294
2690,Wayne,Iowa,40.7395,-93.3274,6518,Wayne_IA,12.401065449010654
2691,Rio Blanco,Colorado,39.9798,-108.2171,6518,Rio Blanco_CO,2.0236140044769124
2692,Saguache,Colorado,38.0805,-106.2815,6511,Saguache_CO,2.054954488644254
2693,Pershing,Nevada,40.4404,-118.4044,6505,Pershing_NV,1.0776004876949785
2694,Howard,Nebraska,41.2201,-98.5171,6492,Howard_NE,11.40007375278768
2695,Wolfe,Kentucky,37.7393,-83.4932,6484,Wolfe_KY,29.104946584073975
2696,Fulton,Kentucky,36.554,-89.1874,6440,Fulton_KY,30.820770519262982
2697,Wilkin,Minnesota,46.357,-96.4683,6413,Wilkin_MN,8.534394421303382
2698,Norman,Minnesota,47.3265,-96.4553,6411,Norman_MN,7.316238145776986
2699,Bottineau,North Dakota,48.7922,-100.8333,6390,Bottineau_ND,3.8295806639138434
2700,Treutlen,Georgia,32.4039,-82.5673,6387,Treutlen_GA,31.829961128276686
2701,Moody,South Dakota,44.022,-96.6709,6371,Moody_SD,12.25970327323109
2702,Ellsworth,Kansas,38.6966,-98.2047,6366,Ellsworth_KS,8.892179184534369
2703,Dallas,Arkansas,33.9699,-92.6544,6351,Dallas_AR,9.515747205657608
2704,Luce,Michigan,46.4706,-85.5444,6325,Luce_MI,7.003809186340081
2705,Brown,Illinois,39.9618,-90.7504,6320,Brown_IL,20.67724521511533
2706,Antelope,Nebraska,42.1769,-98.0667,6302,Antelope_NE,7.353044127599001
2707,Van Buren,Tennessee,35.696,-85.4526,6293,Van Buren_TN,23.012506399473416
2708,Teton,Montana,47.8371,-112.2409,6291,Teton_MT,2.768182838234453
2709,Hamlin,South Dakota,44.6738,-97.1883,6288,Hamlin_SD,12.405792526535926
2710,Henderson,Illinois,40.818,-90.9251,6284,Henderson_IL,16.58879121459307
2711,Spink,South Dakota,44.938,-98.3462,6283,Spink_SD,4.1778877163584625
2712,Randolph,Georgia,31.7626,-84.7542,6270,Randolph_GA,14.606872451951077
2713,Gentry,Missouri,40.2121,-94.4099,6224,Gentry_MO,12.662760416666668
2714,Pawnee,Kansas,38.1813,-99.2367,6220,Pawnee_KS,8.247477359216091
2715,Lafayette,Arkansas,33.2416,-93.607,6211,Lafayette_AR,11.796771130104464
2716,Bland,Virginia,37.134,-81.1302,6211,Bland_VA,17.316753561769872
2717,Menifee,Kentucky,37.9414,-83.5989,6203,Menifee_KY,30.421775380088278
2718,Iron,Wisconsin,46.2623,-90.242,6164,Iron_WI,8.140195185082472
2719,Calhoun,West Virginia,38.8445,-81.1176,6158,Calhoun_WV,21.944266267550425
2720,Woodruff,Arkansas,35.1863,-91.2431,6157,Woodruff_AR,10.496794871794872
2721,Edwards,Illinois,38.4165,-88.0533,6118,Edwards_IL,27.51517877220598
2722,Osceola,Iowa,43.3786,-95.6237,6114,Osceola_IA,15.332146350026331
2723,Pendleton,West Virginia,38.6807,-79.3509,6111,Pendleton_WV,8.756645220456532
2724,Grant,Minnesota,45.9341,-96.0122,6108,Grant_MN,11.178419135813767
2725,Clay,Nebraska,40.5244,-98.0513,6084,Clay_NE,10.617245170409927
2726,Reynolds,Missouri,37.3623,-90.9691,6058,Reynolds_MO,7.467948717948717
2727,Presidio,Texas,29.9998,-104.2405,6043,Presidio_TX,1.5673672224945596
2728,Pondera,Montana,48.2278,-112.2263,6012,Pondera_MT,3.700375453929956
2729,Shelby,Missouri,39.7978,-92.0766,6011,Shelby_MO,11.999680594094983
2730,Ohio,Indiana,38.9501,-84.9651,5993,Ohio_IN,69.10747232472325
2731,Essex,Vermont,44.7275,-71.7359,5972,Essex_VT,8.977751052315092
2732,Greenwood,Kansas,37.8778,-96.2326,5956,Greenwood_KS,5.226074214465591
2733,Cumberland,Kentucky,36.7866,-85.3885,5948,Cumberland_KY,19.44934929043228
2734,Sherman,Kansas,39.3514,-101.72,5919,Sherman_KS,5.606175412009851
2735,Quitman,Mississippi,34.2514,-90.2891,5908,Quitman_MS,14.593419622566941
2736,Sullivan,Missouri,40.2106,-93.1115,5903,Sullivan_MO,9.068284814501881
2737,Taylor,Iowa,40.7374,-94.6964,5901,Taylor_IA,11.051596591441145
2738,Chouteau,Montana,47.8806,-110.4353,5888,Chouteau_MT,1.4819140046913855
2739,Gilpin,Colorado,39.8575,-105.5226,5877,Gilpin_CO,39.213985454060186
2740,Miller,Georgia,31.164,-84.7308,5873,Miller_GA,20.74898427839604
2741,Ontonagon,Michigan,46.6644,-89.3148,5870,Ontonagon_MI,4.475688699457885
2742,Benson,North Dakota,48.0694,-99.366,5861,Benson_ND,4.245255685933652
2743,Sullivan,Pennsylvania,41.4462,-76.5122,5849,Sullivan_PA,12.999511045917233
2744,Stanton,Nebraska,41.9169,-97.1939,5835,Stanton_NE,13.57513435544285
2745,Carson,Texas,35.4035,-101.3542,5802,Carson_TX,6.284730120560231
2746,San Saba,Texas,31.1552,-98.8176,5802,San Saba_TX,5.114282440258447
2747,Ottawa,Kansas,39.1325,-97.6502,5782,Ottawa_KS,8.018194172872377
2748,Mitchell,Kansas,39.3933,-98.2094,5767,Mitchell_KS,8.24069046326198
2749,Talbot,Georgia,32.6995,-84.533,5753,Talbot_GA,14.630858828615754
2750,Lander,Nevada,39.9335,-117.0381,5745,Lander_NV,1.0457566308615616
2751,Crowley,Colorado,38.3266,-103.7845,5734,Crowley_CO,7.26751923345036
2752,McCook,South Dakota,43.6743,-97.3684,5732,McCook_SD,9.977024298544872
2753,Prince of Wales-Hyder,Alaska,55.8011,-133.0167,5730,Prince of Wales-Hyder_AK,0.7732146568033444
2754,Gray,Kansas,37.7382,-100.4379,5696,Gray_KS,6.5554148923926805
2755,Alfalfa,Oklahoma,36.731,-98.324,5685,Alfalfa_OK,6.559741533491029
2756,Covington,Virginia,37.7785,-79.9868,5671,Covington_VA,1000.1763668430335
2757,Lynn,Texas,33.1768,-101.8161,5667,Lynn_TX,6.3539938108265686
2758,Ransom,North Dakota,46.4562,-97.6574,5662,Ransom_ND,6.562735439003188
2759,Cook,Minnesota,47.9026,-90.5354,5633,Cook_MN,3.8832207362470705
2760,Emporia,Virginia,36.6953,-77.5357,5633,Emporia_VA,817.5616835994194
2761,Audubon,Iowa,41.6846,-94.9058,5622,Audubon_IA,12.687021867172161
2762,Tripp,South Dakota,43.3459,-99.8839,5607,Tripp_SD,3.4750111557340473
2763,Putnam,Illinois,41.2045,-89.2858,5600,Putnam_IL,35.043804755944926
2764,Lincoln,Minnesota,44.4126,-96.2671,5594,Lincoln_MN,10.416550285831333
2765,Dixon,Nebraska,42.4931,-96.8677,5561,Dixon_NE,11.673208925460232
2766,Lincoln,Colorado,38.9881,-103.514,5561,Lincoln_CO,2.1503505291772522
2767,Fillmore,Nebraska,40.5247,-97.5965,5551,Fillmore_NE,9.629462581965791
2768,Calhoun,Georgia,31.5292,-84.6245,5528,Calhoun_GA,19.730173459918625
2769,Bent,Colorado,37.9551,-103.0717,5524,Bent_CO,3.64885395336548
2770,Washington,Kansas,39.7842,-97.0875,5519,Washington_KS,6.142733121118358
2771,Greer,Oklahoma,34.9357,-99.5608,5498,Greer_OK,8.599224224224224
2772,Cotton,Oklahoma,34.2902,-98.3722,5475,Cotton_OK,8.599836642372455
2773,Cherry,Nebraska,42.545,-101.1186,5468,Cherry_NE,0.9173696254689188
2774,Day,South Dakota,45.3671,-97.6074,5460,Day_SD,5.308340706028758
2775,Harper,Kansas,37.1916,-98.0755,5446,Harper_KS,6.795268516669994
2776,Garza,Texas,33.1799,-101.2984,5435,Garza_TX,6.068828442538747
2777,Norton,Kansas,39.7844,-99.9035,5392,Norton_KS,6.142349403080288
2778,Haskell,Texas,33.1782,-99.7303,5390,Haskell_TX,5.969190560040754
2779,Morris,Kansas,38.6874,-96.6499,5388,Morris_KS,7.72606039748774
2780,Jefferson,Oklahoma,34.111,-97.8358,5377,Jefferson_OK,7.08665568369028
2781,Mahnomen,Minnesota,47.3253,-95.8091,5371,Mahnomen_MN,9.657640162548999
2782,Boone,Nebraska,41.7068,-98.0672,5366,Boone_NE,7.814297572412587
2783,Delta,Texas,33.3863,-95.6723,5345,Delta_TX,19.29045762956547
2784,Stark,Illinois,41.0934,-89.7975,5324,Stark_IL,18.48996318677502
2785,Hartley,Texas,35.84,-102.6029,5307,Hartley_TX,3.62933834843563
2786,Walworth,South Dakota,45.4299,-100.0315,5298,Walworth_SD,7.485059549879206
2787,Floyd,Texas,34.0724,-101.3032,5294,Floyd_TX,5.3356715951581855
2788,Lincoln,Idaho,43.0024,-114.1383,5276,Lincoln_ID,4.376498303650677
2789,Coal,Oklahoma,34.5882,-96.2978,5275,Coal_OK,10.179074524333295
2790,Yukon-Koyukuk,Alaska,65.5087,-151.3896,5271,Yukon-Koyukuk_AK,0.03612756134026056
2791,Carter,Missouri,36.9412,-90.9623,5269,Carter_MO,10.38062965443871
2792,McHenry,North Dakota,48.2346,-100.6363,5264,McHenry_ND,2.8088298854377327
2793,Johnson,Nebraska,40.3926,-96.2651,5263,Johnson_NE,13.99250259218887
2794,Brule,South Dakota,43.7181,-99.0809,5261,Brule_SD,6.424001172218423
2795,Dewey,South Dakota,45.1566,-100.8718,5230,Dewey_SD,2.2713059792238477
2796,Martin,Texas,32.306,-101.9513,5230,Martin_TX,5.717221627057872
2797,Cameron,Louisiana,29.8754,-93.1937,5222,Cameron_LA,3.977272727272727
2798,Atchison,Missouri,40.4308,-95.4281,5216,Atchison_MO,9.57556175649875
2799,Stevens,Kansas,37.1923,-101.3121,5212,Stevens_KS,7.163965747116958
2800,Kingsbury,South Dakota,44.3696,-97.4915,5210,Kingsbury_SD,6.21443992509274
2801,Polk,Nebraska,41.1869,-97.5684,5209,Polk_NE,11.869929814966731
2802,Hansford,Texas,36.2774,-101.3546,5182,Hansford_TX,5.63383344205262
2803,Aleutians West,Alaska,52.7985,-106.5633,5178,Aleutians West_AK,1.177682707987909
2804,Warren,Georgia,33.4089,-82.6768,5175,Warren_GA,18.124824880919025
2805,Garfield,Utah,37.8549,-111.4432,5170,Garfield_UT,0.9991844181345207
2806,Big Stone,Minnesota,45.4261,-96.411,5152,Big Stone_MN,10.36724016500654
2807,Wirt,West Virginia,39.0225,-81.3787,5131,Wirt_WV,22.022404395038414
2808,Hamilton,New York,43.6611,-74.4974,5102,Hamilton_NY,2.965606635704695
2809,Pulaski,Illinois,37.2232,-89.1266,5074,Pulaski_IL,25.270182778026797
2810,Custer,Colorado,38.1087,-105.3675,5073,Custer_CO,6.865703961347426
2811,Crosby,Texas,33.6147,-101.3,5072,Crosby_TX,5.638625473869107
2812,Scott,Kansas,38.4822,-100.9069,5071,Scott_KS,7.0673988181514105
2813,Musselshell,Montana,46.4966,-108.3981,5068,Musselshell_MT,2.714297190905926
2814,Pickett,Tennessee,36.5584,-85.0749,5062,Pickett_TN,31.070464031426468
2815,Sheridan,Nebraska,42.5048,-102.4089,5058,Sheridan_NE,2.0720676432995773
2816,Alexander,Illinois,37.1915,-89.3375,5042,Alexander_IL,21.330061764954735
2817,Beaver,Oklahoma,36.7497,-100.4768,5041,Beaver_OK,2.778390176150268
2818,Toole,Montana,48.6554,-111.6956,5028,Toole_MT,2.631152044794474
2819,Ouray,Colorado,38.1555,-107.7693,5024,Ouray_CO,9.295613077506614
2820,Stewart,Georgia,32.0785,-84.8352,4978,Stewart_GA,10.852408981905384
2821,Dickey,North Dakota,46.1102,-98.5047,4959,Dickey_ND,4.384615384615385
2822,Thayer,Nebraska,40.1762,-97.5949,4938,Thayer_NE,8.594552258289097
2823,Wheeler,Texas,35.4012,-100.2698,4902,Wheeler_TX,5.361713298186512
2824,Craig,Virginia,37.4817,-80.2115,4881,Craig_VA,14.763618765312604
2825,Phillips,Kansas,39.7846,-99.347,4874,Phillips_KS,5.499700980558094
2826,Rooks,Kansas,39.3502,-99.325,4869,Rooks_KS,5.4810095233806875
2827,Gallatin,Illinois,37.7628,-88.2305,4857,Gallatin_IL,15.003243443610415
2828,Scott,Illinois,39.6441,-90.4747,4847,Scott_IL,19.31691375737287
2829,Washington,Colorado,39.971,-103.2013,4839,Washington_CO,1.9194916262723227
2830,Jim Hogg,Texas,27.0434,-98.6973,4797,Jim Hogg_TX,4.222302417899676
2831,Mineral,Montana,47.1472,-114.9983,4796,Mineral_MT,3.931727631945697
2832,Dillingham,Alaska,59.8003,-158.2346,4780,Dillingham_AK,0.25596017730864834
2833,Carlisle,Kentucky,36.8532,-88.971,4763,Carlisle_KY,24.744142552859888
2834,Calhoun,Arkansas,33.5581,-92.503,4717,Calhoun_AR,7.507918570041543
2835,Scotland,Missouri,40.4526,-92.1471,4698,Scotland_MO,10.714530070472323
2836,Oneida,Idaho,42.195,-112.5394,4681,Oneida_ID,3.899760899086085
2837,Putnam,Missouri,40.4789,-93.0162,4675,Putnam_MO,9.026839158138637
2838,Ringgold,Iowa,40.7352,-94.244,4664,Ringgold_IA,8.674465750367327
2839,Republic,Kansas,39.8278,-97.6506,4662,Republic_KS,6.507719366816494
2840,Hyde,North Carolina,35.5306,-76.2517,4625,Hyde_NC,7.547323759791123
2841,Crane,Texas,31.4286,-102.5156,4623,Crane_TX,5.884973776668874
2842,Hot Springs,Wyoming,43.719,-108.4421,4618,Hot Springs_WY,2.304517713048121
2843,Florence,Wisconsin,45.8485,-88.3981,4617,Florence_WI,9.460483986640167
2844,Furnas,Nebraska,40.1764,-99.9123,4605,Furnas_NE,6.412845186536506
2845,Adams,Idaho,44.8895,-116.4538,4599,Adams_ID,3.370267774699908
2846,Wahkiakum,Washington,46.2918,-123.4244,4573,Wahkiakum_WA,17.306236754465637
2847,Mineral,Nevada,38.5386,-118.4349,4557,Mineral_NV,1.213129592162709
2848,Morrill,Nebraska,41.716,-103.0104,4544,Morrill_NE,3.191571553994732
2849,Schley,Georgia,32.2617,-84.3148,4539,Schley_GA,27.08072310721317
2850,Mills,Texas,31.4952,-98.5954,4499,Mills_TX,6.0138214968387
2851,Phillips,Colorado,40.594,-102.3576,4491,Phillips_CO,6.531223640964487
2852,Cameron,Pennsylvania,41.4367,-78.204,4475,Cameron_PA,11.267499244636921
2853,Hickman,Kentucky,36.6781,-88.9761,4470,Hickman_KY,18.286696121747667
2854,Lincoln,Nevada,37.6433,-114.8775,4452,Lincoln_NV,0.41867249222042185
2855,Dewey,Oklahoma,35.9876,-99.0079,4433,Dewey_OK,4.432423784907962
2856,Custer,Idaho,44.2411,-114.2817,4411,Custer_ID,0.895552690617101
2857,Calhoun,Illinois,39.1693,-90.6676,4406,Calhoun_IL,17.358758175084706
2858,Guadalupe,New Mexico,34.8633,-104.7907,4379,Guadalupe_NM,1.445038064658771
2859,Kimble,Texas,30.4868,-99.7487,4355,Kimble_TX,3.482050051970896
2860,Marshall,South Dakota,45.7586,-97.5986,4355,Marshall_SD,5.19869644626422
2861,Deuel,South Dakota,44.76,-96.668,4318,Deuel_SD,6.924865688397082
2862,Menominee,Wisconsin,45.0044,-88.71,4256,Menominee_WI,11.8895966029724
2863,Holt,Missouri,40.0944,-95.2155,4254,Holt_MO,9.21038387425033
2864,Phillips,Montana,48.2592,-107.9133,4224,Phillips_MT,0.8218586379794419
2865,Mora,New Mexico,36.0105,-104.945,4176,Mora_NM,2.1624980581016002
2866,Kittson,Minnesota,48.7766,-96.7829,4163,Kittson_MN,3.7946184416815547
2867,Barber,Kansas,37.2289,-98.6848,4153,Barber_KS,3.6619022846108407
2868,Storey,Nevada,39.447,-119.5293,4139,Storey_NV,15.710761055228696
2869,Grant,Oklahoma,36.7961,-97.7861,4137,Grant_OK,4.134684576637084
2870,Bath,Virginia,38.0587,-79.7411,4123,Bath_VA,7.752040010529086
2871,LaMoure,North Dakota,46.4569,-98.5355,4107,LaMoure_ND,3.580083334786171
2872,Hidalgo,New Mexico,31.914,-108.7148,4097,Hidalgo_NM,1.1890423521968405
2873,Valley,Nebraska,41.5673,-98.9819,4094,Valley_NE,7.20635088275158
2874,Nuckolls,Nebraska,40.1764,-98.0472,4089,Nuckolls_NE,7.10759603685034
2875,Schuyler,Missouri,40.4703,-92.521,4044,Schuyler_MO,13.135414298242765
2876,Dunn,North Dakota,47.3568,-102.6182,4043,Dunn_ND,2.011843152866242
2877,Union,New Mexico,36.4816,-103.471,4039,Union_NM,1.0545691906005221
2878,Edmunds,South Dakota,45.4188,-99.2153,4033,Edmunds_SD,3.5204874386773515
2879,Owsley,Kentucky,37.4192,-83.6831,4021,Owsley_KY,20.298854056237065
2880,Stafford,Kansas,38.031,-98.7174,4004,Stafford_KS,5.055236411842687
2881,Columbia,Washington,46.2975,-117.9078,3996,Columbia_WA,4.5993945741876825
2882,Gregory,South Dakota,43.1924,-99.1856,3993,Gregory_SD,3.9303889047473746
2883,Tensas,Louisiana,32.0019,-91.3401,3992,Tensas_LA,6.625946089496747
2884,Pierce,North Dakota,48.2496,-99.9718,3961,Pierce_ND,3.891650783046118
2885,Mason,Texas,30.7177,-99.2261,3951,Mason_TX,4.238952010042164
2886,Meade,Kansas,37.2382,-100.3662,3949,Meade_KS,4.036099016782159
2887,Wells,North Dakota,47.5875,-99.6609,3942,Wells_ND,3.1008117802529735
2888,Red Lake,Minnesota,47.8717,-96.0953,3922,Red Lake_MN,9.069676016927595
2889,Kearny,Kansas,38.0003,-101.3199,3910,Kearny_KS,4.488783780681009
2890,Clark,South Dakota,44.8582,-97.7295,3876,Clark_SD,4.046266911641891
2891,Corson,South Dakota,45.7086,-101.1969,3859,Corson_SD,1.5604970621893868
2892,Sharkey,Mississippi,32.8798,-90.8132,3848,Sharkey_MS,8.996750134436885
2893,Sargent,North Dakota,46.1078,-97.6306,3822,Sargent_ND,4.450655021834061
2894,Lake of the Woods,Minnesota,48.7712,-94.9046,3800,Lake of the Woods_MN,2.930515925040487
2895,Sioux,North Dakota,46.1127,-101.0404,3789,Sioux_ND,3.4630570686944764
2896,Knox,Missouri,40.1282,-92.1481,3760,Knox_MO,7.435091257835519
2897,Pope,Illinois,37.4127,-88.5615,3757,Pope_IL,10.130507469125815
2898,Lyman,South Dakota,43.8958,-99.8474,3717,Lyman_SD,2.266518695577941
2899,Ellis,Oklahoma,36.2184,-99.7546,3717,Ellis_OK,3.0240656068470635
2900,Sweet Grass,Montana,45.8139,-109.941,3713,Sweet Grass_MT,2.0015309312805916
2901,Echols,Georgia,30.7101,-82.894,3705,Echols_GA,9.16784203102962
2902,Haskell,Kansas,37.5622,-100.8712,3695,Haskell_KS,6.399709025408317
2903,Catron,New Mexico,33.9152,-108.4046,3685,Catron_NM,0.5319141258204252
2904,Sheridan,Montana,48.7212,-104.5047,3677,Sheridan_MT,2.1931551133855827
2905,Cavalier,North Dakota,48.7723,-98.4648,3663,Cavalier_ND,2.4609327761579083
2906,Fisher,Texas,32.7428,-100.4022,3661,Fisher_TX,4.062541613032092
2907,Lewis,Idaho,46.237,-116.4263,3649,Lewis_ID,7.617317969271877
2908,Adams,Iowa,41.029,-94.6992,3641,Adams_IA,8.596590640789536
2909,Chase,Nebraska,40.5242,-101.698,3639,Chase_NE,4.068194522079374
2910,Hardin,Illinois,37.5182,-88.2668,3623,Hardin_IL,20.316267593786797
2911,Norton,Virginia,36.9315,-82.6262,3620,Norton_VA,480.74369189907037
2912,Smith,Kansas,39.7852,-98.7855,3579,Smith_KS,3.9969623532827807
2913,Costilla,Colorado,37.2781,-105.4282,3571,Costilla_CO,2.910113275201695
2914,Hardeman,Texas,34.2902,-99.7457,3529,Hardeman_TX,5.074923063648653
2915,Mercer,Missouri,40.4223,-93.5686,3501,Mercer_MO,7.708397551631512
2916,Osborne,Kansas,39.3503,-98.7679,3473,Osborne_KS,3.891796187765439
2917,Hanson,South Dakota,43.6748,-97.7873,3473,Hanson_SD,7.988315392400405
2918,Baylor,Texas,33.6165,-99.2135,3464,Baylor_TX,3.9780883585791886
2919,Baca,Colorado,37.3192,-102.5604,3460,Baca_CO,1.3538259277229119
2920,Aleutians East,Alaska,55.3669,-161.9805,3423,Aleutians East_AK,0.4898299118220299
2921,Granite,Montana,46.4045,-113.4404,3419,Granite_MT,1.9792293798916314
2922,Petersburg,Alaska,57.1204,-132.934,3394,Petersburg_AK,0.581668363342211
2923,Webster,Nebraska,40.1764,-98.5,3385,Webster_NE,5.888082937605455
2924,Roger Mills,Oklahoma,35.6883,-99.6958,3378,Roger Mills_OK,2.958305236147723
2925,Tyrrell,North Carolina,35.8172,-76.209,3376,Tyrrell_NC,8.65840835064502
2926,Foster,North Dakota,47.4571,-98.883,3372,Foster_ND,5.308564231738035
2927,Chautauqua,Kansas,37.15,-96.2454,3370,Chautauqua_KS,5.251757078963362
2928,Bennett,South Dakota,43.195,-101.664,3354,Bennett_SD,2.8296872495338694
2929,Kimball,Nebraska,41.1978,-103.7149,3348,Kimball_NE,3.5178413819190517
2930,Nance,Nebraska,41.3973,-97.9922,3342,Nance_NE,7.57273633644521
2931,Hudspeth,Texas,31.4562,-105.3865,3331,Hudspeth_TX,0.7287245679282432
2932,Knox,Texas,33.6061,-99.7414,3322,Knox_TX,3.91283863368669
2933,Coke,Texas,31.8886,-100.53,3315,Coke_TX,3.6882099665112764
2934,Hemphill,Texas,35.8376,-100.2706,3311,Hemphill_TX,3.639741447541993
2935,Sutton,Texas,30.4984,-100.5382,3306,Sutton_TX,2.274103015628439
2936,Concho,Texas,31.3266,-99.864,3301,Concho_TX,3.3294669423571537
2937,Traverse,Minnesota,45.7722,-96.4716,3279,Traverse_MN,5.7116479994425955
2938,Donley,Texas,34.9654,-100.814,3276,Donley_TX,3.5234520365251623
2939,Emmons,North Dakota,46.2851,-100.2387,3269,Emmons_ND,2.165072721010941
2940,Reagan,Texas,31.3662,-101.5231,3259,Reagan_TX,2.772909044499277
2941,Harper,Oklahoma,36.7888,-99.6673,3231,Harper_OK,3.109720885466795
2942,Upton,Texas,31.3688,-102.0431,3227,Upton_TX,2.598898266864248
2943,Shackelford,Texas,32.7359,-99.354,3169,Shackelford_TX,3.46736692379233
2944,Kinney,Texas,29.3502,-100.418,3140,Kinney_TX,2.3029982984216395
2945,Woodson,Kansas,37.8867,-95.7401,3118,Woodson_KS,6.22840135035257
2946,Perkins,South Dakota,45.4905,-102.4757,3058,Perkins_SD,1.0649041307693916
2947,Hand,South Dakota,44.5478,-99.0049,3045,Hand_SD,2.1196174247170365
2948,Nelson,North Dakota,47.9217,-98.192,3015,Nelson_ND,3.071453311872211
2949,Stanley,South Dakota,44.4123,-100.7359,3012,Stanley_SD,2.086913142287013
2950,Harlan,Nebraska,40.1765,-99.4046,3006,Harlan_NE,5.437968088570498
2951,Sherman,Nebraska,41.2206,-98.9762,2974,Sherman_NE,5.2559027286865545
2952,Lipscomb,Texas,36.2776,-100.2731,2964,Lipscomb_TX,3.179882202744311
2953,Rush,Kansas,38.5231,-99.3092,2957,Rush_KS,4.117180211915735
2954,Bowman,North Dakota,46.1126,-103.5206,2935,Bowman_ND,2.5257088765543654
2955,Lincoln,Kansas,39.0453,-98.2077,2924,Lincoln_KS,4.0674948182564306
2956,Glascock,Georgia,33.2293,-82.6107,2913,Glascock_GA,20.209518523657557
2957,Jewell,Kansas,39.7847,-98.2183,2909,Jewell_KS,3.1995864405288286
2958,Crockett,Texas,30.7231,-101.412,2881,Crockett_TX,1.0262091172678116
2959,Franklin,Nebraska,40.1763,-98.9528,2868,Franklin_NE,4.979858313654675
2960,Clay,Georgia,31.6262,-84.9801,2853,Clay_GA,14.615029967727063
2961,Perkins,Nebraska,40.851,-101.6497,2835,Perkins_NE,3.2099911682782674
2962,Baker,Georgia,31.3261,-84.4447,2830,Baker_GA,8.245440242410115
2963,Hall,Texas,34.5308,-100.6811,2827,Hall_TX,3.130363529659281
2964,Jackson,South Dakota,43.6943,-101.6281,2826,Jackson_SD,1.511933359370402
2965,Douglas,South Dakota,43.3869,-98.3661,2823,Douglas_SD,6.511660092727148
2966,Real,Texas,29.8318,-99.8222,2821,Real_TX,4.030518209484077
2967,Edwards,Kansas,37.8876,-99.3122,2817,Edwards_KS,4.528793286389505
2968,Fallon,Montana,46.334,-104.4174,2817,Fallon_MT,1.738534742922738
2969,Gove,Kansas,38.9161,-100.483,2796,Gove_KS,2.6097183072299277
2970,Trego,Kansas,38.9143,-99.8728,2778,Trego_KS,3.1273570568170306
2971,Decatur,Kansas,39.7847,-100.4599,2746,Decatur_KS,3.073135247048291
2972,Brown,Nebraska,42.43,-99.9295,2739,Brown_NE,2.24272894012839
2973,Collingsworth,Texas,34.9648,-100.27,2733,Collingsworth_TX,2.9745319982585983
2974,Sierra,California,39.5803,-120.5161,2731,Sierra_CA,2.864545092198284
2975,Logan,Kansas,38.9173,-101.1484,2720,Logan_KS,2.53497236693725
2976,Ness,Kansas,38.4794,-99.9161,2659,Ness_KS,2.4740637357525004
2977,Butte,Idaho,43.7229,-113.172,2654,Butte_ID,1.1886154466265089
2978,Morton,Kansas,37.1914,-101.7992,2647,Morton_KS,3.6264248136782116
2979,Cheyenne,Kansas,39.7859,-101.7319,2628,Cheyenne_KS,2.5767737380868336
2980,Hitchcock,Nebraska,40.1763,-101.0423,2601,Hitchcock_NE,3.6632254975141896
2981,Rich,Utah,41.6323,-111.2445,2588,Rich_UT,2.5162124585573586
2982,Chase,Kansas,38.302,-96.594,2579,Chase_KS,3.323924783152251
2983,Aurora,South Dakota,43.718,-98.5615,2573,Aurora_SD,3.633257081532944
2984,Frontier,Nebraska,40.5301,-100.3942,2562,Frontier_NE,2.6289056487609668
2985,Wayne,Utah,38.3244,-110.9038,2557,Wayne_UT,1.039295701372179
2986,Pawnee,Nebraska,40.1315,-96.2371,2539,Pawnee_NE,5.883170748661863
2987,Rawlins,Kansas,39.7852,-101.0765,2533,Rawlins_KS,2.3681307380191097
2988,Cochran,Texas,33.6042,-102.8285,2520,Cochran_TX,3.2506901266737183
2989,McIntosh,North Dakota,46.1118,-99.4412,2512,McIntosh_ND,2.5759082845394228
2990,Hamilton,Kansas,37.9991,-101.7912,2485,Hamilton_KS,2.4937530732872384
2991,Elk,Kansas,37.4537,-96.2441,2464,Elk_KS,3.8066399913485456
2992,Hettinger,North Dakota,46.4325,-102.4603,2453,Hettinger_ND,2.166482667255465
2993,Harmon,Oklahoma,34.7441,-99.8462,2452,Harmon_OK,4.559146182737718
2994,Sheridan,Kansas,39.3503,-100.4418,2442,Sheridan_KS,2.7243518229282877
2995,Sherman,Texas,36.2777,-101.8934,2434,Sherman_TX,2.636967379175108
2996,Potter,South Dakota,45.0645,-99.9572,2430,Potter_SD,2.804417823633279
2997,Schleicher,Texas,30.8974,-100.5383,2426,Schleicher_TX,1.851046459282319
2998,Kiowa,Kansas,37.5582,-99.2861,2422,Kiowa_KS,3.352759589695317
2999,Niobrara,Wyoming,43.0564,-104.4754,2415,Niobrara_WY,0.9197162018577125
3000,Ziebach,South Dakota,44.9804,-101.6658,2410,Ziebach_SD,1.2281318636518832
3001,Graham,Kansas,39.3497,-99.8832,2406,Graham_KS,2.678422335771299
3002,Dolores,Colorado,37.7517,-108.5174,2385,Dolores_CO,2.235301836040376
3003,Kidder,North Dakota,46.9801,-99.7801,2374,Kidder_ND,1.7574900613714937
3004,Sanborn,South Dakota,44.0234,-98.0913,2370,Sanborn_SD,4.165128908103548
3005,Webster,Georgia,32.0469,-84.5511,2348,Webster_GA,11.205497756991505
3006,Sedgwick,Colorado,40.8759,-102.3518,2346,Sedgwick_CO,4.279147818473661
3007,Griggs,North Dakota,47.4573,-98.237,2340,Griggs_ND,3.302752293577982
3008,Garfield,Washington,46.4316,-117.5452,2326,Garfield_WA,3.2735205122792204
3009,Eddy,North Dakota,47.7176,-98.9016,2319,Eddy_ND,3.6802513806893926
3010,Hoonah-Angoon,Alaska,58.2872,-135.6402,2313,Hoonah-Angoon_AK,0.2929153242963954
3011,Miner,South Dakota,44.0219,-97.6102,2299,Miner_SD,4.0309289195918225
3012,McPherson,South Dakota,45.7664,-99.2214,2278,McPherson_SD,2.003623762027899
3013,Renville,North Dakota,48.719,-101.6578,2277,Renville_ND,2.6029699235227546
3014,Grant,North Dakota,46.3583,-101.6397,2276,Grant_ND,1.371530497872802
3015,Highland,Virginia,38.3623,-79.5686,2265,Highland_VA,5.446544510171692
3016,Cimarron,Oklahoma,36.7483,-102.5178,2247,Cimarron_OK,1.2244964687418258
3017,Robertson,Kentucky,38.5188,-84.052,2239,Robertson_KY,22.374337963425603
3018,Greeley,Nebraska,41.5674,-98.5212,2211,Greeley_NE,3.8799684127401948
3019,Culberson,Texas,31.447,-104.5173,2181,Culberson_TX,0.5720715758329268
3020,Adams,North Dakota,46.0968,-102.5284,2179,Adams_ND,2.2056665080827202
3021,Divide,North Dakota,48.8149,-103.4872,2174,Divide_ND,1.7260406659627003
3022,Burke,North Dakota,48.791,-102.5182,2163,Burke_ND,1.9600735820503294
3023,Faulk,South Dakota,45.071,-99.1453,2137,Faulk_SD,2.136700861879337
3024,Wichita,Kansas,38.4821,-101.3474,2115,Wichita_KS,2.9435506318543676
3025,Towner,North Dakota,48.6855,-99.2457,2113,Towner_ND,2.0623688448587187
3026,Keweenaw,Michigan,47.628,-88.4346,2106,Keweenaw_MI,3.8930070059337853
3028,Oldham,Texas,35.405,-102.6028,2097,Oldham_TX,1.3974130865036685
3029,Quitman,Georgia,31.8673,-85.0188,2092,Quitman_GA,13.80493599049756
3030,Haines,Alaska,59.1199,-135.5002,2077,Haines_AK,0.8861942288574196
3031,Judith Basin,Montana,47.0454,-110.266,2053,Judith Basin_MT,1.0979490333449207
3032,Wheatland,Montana,46.4663,-109.8446,2049,Wheatland_MT,1.4398246070171248
3033,Mellette,South Dakota,43.5813,-100.76,2043,Mellette_SD,1.5637318310894075
3034,Denali,Alaska,63.6714,-150.0118,2029,Denali_AK,0.15914162349554695
3035,Stanton,Kansas,37.563,-101.7842,2018,Stanton_KS,2.9676470588235295
3036,Gilliam,Oregon,45.3783,-120.2108,2002,Gilliam_OR,1.6626940294168944
3037,Clark,Kansas,37.2355,-99.8203,1987,Clark_KS,2.038617802766036
3038,Meagher,Montana,46.5982,-110.8857,1979,Meagher_MT,0.8274033999213987
3039,Liberty,Montana,48.5617,-111.0246,1968,Liberty_MT,1.3764547896150403
3040,Menard,Texas,30.8898,-99.8206,1964,Menard_TX,2.177600869266335
3041,Worth,Missouri,40.4791,-94.4221,1956,Worth_MO,7.339036470058533
3042,Gosper,Nebraska,40.5148,-99.8307,1929,Gosper_NE,4.210135754506962
3043,Sherman,Oregon,45.4052,-120.6894,1908,Sherman_OR,2.3177561011163617
3044,Armstrong,Texas,34.9649,-101.3574,1883,Armstrong_TX,2.061009380164837
3045,Deuel,Nebraska,41.1116,-102.3339,1865,Deuel_NE,4.23969628770829
3046,Logan,North Dakota,46.4573,-99.4774,1848,Logan_ND,1.8617021276595744
3047,Jerauld,South Dakota,44.0663,-98.6297,1845,Jerauld_SD,3.4817233115057276
3048,Oliver,North Dakota,47.1153,-101.3403,1821,Oliver_ND,2.516862007961079
3049,McCone,Montana,47.6452,-105.7954,1818,McCone_MT,0.6879770522945813
3050,Dundy,Nebraska,40.1762,-101.6879,1811,Dundy_NE,1.9687778575000543
3051,Garfield,Nebraska,41.9144,-98.9914,1797,Garfield_NE,3.1524656597021212
3052,Powder River,Montana,45.395,-105.6302,1762,Powder River_MT,0.5343960596631061
3053,Buffalo,South Dakota,44.0763,-99.2049,1757,Buffalo_SD,3.733610998958754
3054,Jeff Davis,Texas,30.7154,-104.14,1740,Jeff Davis_TX,0.7684052940475087
3055,Taliaferro,Georgia,33.5661,-82.8788,1740,Taliaferro_GA,8.905266390296331
3056,Cheyenne,Colorado,38.8279,-102.6036,1732,Cheyenne_CO,0.9722962921379853
3057,Steele,North Dakota,47.4562,-97.7246,1731,Steele_ND,2.4299511482958054
3058,Haakon,South Dakota,44.2944,-101.5399,1708,Haakon_SD,0.9421005311726063
3059,Piute,Utah,38.3366,-112.1273,1705,Piute_UT,2.2499043295812937
3060,Boyd,Nebraska,42.8997,-98.7665,1704,Boyd_NE,3.155263401536895
3061,Alpine,California,38.5972,-119.8207,1695,Alpine_CA,2.294820069860009
3062,Comanche,Kansas,37.1913,-99.2718,1685,Comanche_KS,2.137483984726821
3063,Golden Valley,North Dakota,46.9402,-103.8466,1679,Golden Valley_ND,1.6756654258026527
3064,Hodgeman,Kansas,38.0875,-99.8979,1676,Hodgeman_KS,1.9490185133500793
3065,Eureka,Nevada,39.9839,-116.2686,1660,Eureka_NV,0.3975400413824814
3066,Dickens,Texas,33.6165,-100.7789,1641,Dickens_TX,1.8148438968823613
3067,Garden,Nebraska,41.6194,-102.3354,1620,Garden_NE,0.9504811077211922
3068,Throckmorton,Texas,33.1775,-99.2123,1589,Throckmorton_TX,1.7416752526470394
3069,De Baca,New Mexico,34.3425,-104.412,1580,De Baca_NM,0.6796078920541794
3070,Daniels,Montana,48.7838,-105.5486,1524,Daniels_MT,1.0686562559165271
3071,Lane,Kansas,38.4813,-100.4664,1497,Lane_KS,2.087225676919216
3072,Sully,South Dakota,44.7156,-100.1322,1481,Sully_SD,1.4708511272221672
3073,Campbell,South Dakota,45.7712,-100.0516,1481,Campbell_SD,2.012802565949524
3074,Wallace,Kansas,38.9167,-101.7636,1459,Wallace_KS,1.5962975524896335
3075,Wheeler,Oregon,44.726,-120.0275,1434,Wheeler_OR,0.8361906094744944
3076,Irion,Texas,31.3039,-100.9824,1432,Irion_TX,1.3618899075588693
3077,Jackson,Colorado,40.6664,-106.3428,1422,Jackson_CO,0.8814723439601787
3078,Edwards,Texas,29.9827,-100.3048,1392,Edwards_TX,0.6566812124071235
3079,Sterling,Texas,31.8278,-101.0501,1389,Sterling_TX,1.504288684803327
3080,Carter,Montana,45.5168,-104.5362,1361,Carter_MT,0.4075374973424722
3081,Kiowa,Colorado,38.4326,-102.7402,1356,Kiowa_CO,0.7656734368912304
3082,Rock,Nebraska,42.4213,-99.4499,1335,Rock_NE,1.3238006465303531
3083,Sheridan,North Dakota,47.5755,-100.3456,1327,Sheridan_ND,1.3655775662464626
3085,Hyde,South Dakota,44.5473,-99.4871,1305,Hyde_SD,1.515732255479285
3086,Cottle,Texas,34.0776,-100.2788,1302,Cottle_TX,1.4447724095075347
3087,Greeley,Kansas,38.4806,-101.806,1296,Greeley_KS,1.665788357476125
3088,Motley,Texas,34.0741,-100.7798,1267,Motley_TX,1.280599971699448
3089,Prairie,Montana,46.8605,-105.378,1251,Prairie_MT,0.7203938844260172
3090,Stonewall,Texas,33.1792,-100.2534,1244,Stonewall_TX,1.3541315162136567
3091,Briscoe,Texas,34.5303,-101.2086,1223,Briscoe_TX,1.3585115245765065
3092,Sioux,Nebraska,42.4877,-103.7589,1197,Sioux_NE,0.5792150353964743
3093,Camas,Idaho,43.4633,-114.8058,1155,Camas_ID,1.07445858450547
3094,Wibaux,Montana,46.9653,-104.249,1148,Wibaux_MT,1.2908884416007917
3095,Issaquena,Mississippi,32.7415,-90.9892,1095,Issaquena_MS,2.6509465937151986
3096,Harding,South Dakota,45.5803,-103.4958,1092,Harding_SD,0.4089121887287025
3097,Foard,Texas,33.9746,-99.778,1079,Foard_TX,1.5268579838116263
3098,Glasscock,Texas,31.8695,-101.5208,1070,Glasscock_TX,1.1878989730779905
3099,Jones,South Dakota,43.9606,-100.6897,1030,Jones_SD,1.0612867328854634
3100,Lake and Peninsula,Alaska,58.6548,-156.1891,1007,Lake and Peninsula_AK,0.042343019667008104
3101,Esmeralda,Nevada,37.7846,-117.6323,962,Esmeralda_NV,0.26807858436672705
3102,Billings,North Dakota,47.0236,-103.3763,948,Billings_ND,0.8233383416854118
3103,Hinsdale,Colorado,37.8213,-107.3003,939,Hinsdale_CO,0.8401331329181876
3104,Keya Paha,Nebraska,42.8789,-99.7124,939,Keya Paha_NE,1.214292180165268
3105,Garfield,Montana,47.2776,-106.9929,938,Garfield_MT,0.20094000505563336
3106,Bristol Bay,Alaska,58.7439,-156.7,878,Bristol Bay_AK,1.7388893290026142
3107,Hayes,Nebraska,40.5248,-101.0619,854,Hayes_NE,1.1975712021988192
3108,Terrell,Texas,30.225,-102.0765,851,Terrell_TX,0.36094192694637195
3109,Golden Valley,Montana,46.3812,-109.1752,840,Golden Valley_MT,0.714711137581894
3110,Logan,Nebraska,41.5666,-100.4827,812,Logan_NE,1.4228639517768278
3111,Mineral,Colorado,37.6689,-106.9241,799,Mineral_CO,0.9123920887955054
3112,Slope,North Dakota,46.4472,-103.4599,795,Slope_ND,0.6527415143603132
3113,Wheeler,Nebraska,41.9148,-98.5282,785,Wheeler_NE,1.36481388111341
3114,Roberts,Texas,35.8384,-100.8136,785,Roberts_TX,0.8494843575842179
3115,Clark,Idaho,44.2839,-112.3512,776,Clark_ID,0.43975224267976853
3116,Treasure,Montana,46.2115,-107.2716,761,Treasure_MT,0.7774349753795231
3117,Harding,New Mexico,35.8579,-103.8203,748,Harding_NM,0.3519436890097584
3118,Daggett,Utah,40.8873,-109.5077,747,Daggett_UT,1.0696488916891003
3119,Kent,Texas,33.1813,-100.7776,727,Kent_TX,0.8056919308900291
3120,Borden,Texas,32.7436,-101.4317,723,Borden_TX,0.8044058744993324
3121,Grant,Nebraska,41.915,-101.7406,695,Grant_NE,0.8953647161887094
3122,San Juan,Colorado,37.764,-107.6762,690,San Juan_CO,1.7810128542666872
3123,Banner,Nebraska,41.546,-103.7105,657,Banner_NE,0.8804374045187746
3124,Thomas,Nebraska,41.9136,-100.5558,626,Thomas_NE,0.8781527929747777
3125,McMullen,Texas,28.3526,-98.5679,623,McMullen_TX,0.559748427672956
3126,Hooker,Nebraska,41.916,-101.1353,613,Hooker_NE,0.8500076264958332
3127,Loup,Nebraska,41.9139,-99.4544,564,Loup_NE,0.9899773569008793
3128,Arthur,Nebraska,41.569,-101.6958,540,Arthur_NE,0.7548541314284916
3129,Yakutat,Alaska,59.8889,-140.3577,506,Yakutat_AK,0.066139813815117
3130,McPherson,Nebraska,41.5682,-101.0604,463,McPherson_NE,0.5390113855968707
3131,Petroleum,Montana,47.1175,-108.2502,401,Petroleum_MT,0.24245722232299413
3132,Blaine,Nebraska,41.9128,-99.9768,385,Blaine_NE,0.541688943917607
3133,King,Texas,33.6165,-100.2558,189,King_TX,0.20717096537285293
3134,Loving,Texas,31.8493,-103.58,54,Loving_TX,0.08022820467106435
3135,Kenedy,Texas,26.9285,-97.7017,52,Kenedy_TX,0.035695408334877846
3136,Kalawao,Hawaii,21.1709,-156.9475,43,Kalawao_HI,3.255109765329296
